Date,Customer_ID,Region,Category,Product,Quantity,Unit_Price,Discount,Revenue,Cost,Profit
2025-01-01 00:00:00.000000000,CUST1088,West,Beverages,Mineral Water,8,40.5,0.05,307.77,194.64,113.13
2025-01-01 07:17:09.858215179,CUST1015,East,Household,Floor Cleaner,3,137.37,0.05,391.5,254.75,136.76
2025-01-01 14:34:19.716430358,CUST1084,West,Beverages,Juice,3,35.08,0.0,105.25,67.52,37.73
2025-01-01 21:51:29.574645537,CUST1054,Central,Beverages,Juice,6,165.94,0.0,995.67,737.07,258.6
2025-01-02 05:08:39.432860717,CUST1024,South,Household,Floor Cleaner,2,303.36,0.05,576.38,425.79,150.59
2025-01-02 12:25:49.291075896,CUST1163,East,Household,Tissue,2,51.66,0.1,92.98,72.11,20.87
2025-01-02 19:42:59.149291075,CUST1037,East,Personal Care,Face Wash,6,154.1,0.0,924.63,709.32,215.3
2025-01-03 03:00:09.007506255,CUST1179,North,Snacks,Namkeen,11,53.29,0.0,586.18,420.09,166.09
2025-01-03 10:17:18.865721434,CUST1134,West,Beverages,Juice,4,60.46,0.1,217.67,173.65,44.02
2025-01-03 17:34:28.723936613,CUST1121,West,Personal Care,Detergent Bar,7,129.42,0.0,905.93,690.77,215.17
2025-01-04 00:51:38.582151793,CUST1113,North,Beverages,Soft Drink,5,43.58,0.0,217.9,168.8,49.1
2025-01-04 08:08:48.440366972,CUST1129,East,Grocery,Cooking Oil,4,243.87,0.0,975.49,615.85,359.64
2025-01-04 15:25:58.298582151,CUST1139,North,Personal Care,Face Wash,7,227.98,0.05,1516.05,1151.25,364.8
2025-01-04 22:43:08.156797331,CUST1052,North,Grocery,Sugar,5,56.72,0.0,283.59,216.08,67.51
2025-01-05 06:00:18.015012510,CUST1113,South,Personal Care,Shampoo,7,95.57,0.15,568.62,417.17,151.45
2025-01-05 13:17:27.873227689,CUST1161,West,Household,Tissue,10,304.0,0.1,2735.99,1939.79,796.19
2025-01-05 20:34:37.731442869,CUST1169,West,Grocery,Cooking Oil,6,81.6,0.05,465.14,355.1,110.04
2025-01-06 03:51:47.589658048,CUST1119,Central,Personal Care,Soap,9,226.05,0.0,2034.44,1489.09,545.35
2025-01-06 11:08:57.447873227,CUST1172,West,Snacks,Namkeen,1,49.92,0.05,47.43,29.86,17.57
2025-01-06 18:26:07.306088407,CUST1160,North,Beverages,Mineral Water,2,172.73,0.15,293.63,186.92,106.71
2025-01-07 01:43:17.164303586,CUST1017,North,Beverages,Coffee,9,40.06,0.0,360.56,293.14,67.42
2025-01-07 09:00:27.022518765,CUST1008,West,Grocery,Pulses,5,212.11,0.05,1007.52,667.73,339.8
2025-01-07 16:17:36.880733945,CUST1015,East,Household,Tissue,1,308.12,0.0,308.12,193.67,114.45
2025-01-07 23:34:46.738949124,CUST1168,West,Grocery,Rice,18,151.33,0.0,2723.99,2108.07,615.91
2025-01-08 06:51:56.597164303,CUST1129,South,Grocery,Wheat Flour,1,151.04,0.1,135.94,105.09,30.84
2025-01-08 14:09:06.455379482,CUST1093,East,Household,Floor Cleaner,6,205.01,0.05,1168.55,836.5,332.05
2025-01-08 21:26:16.313594662,CUST1034,West,Grocery,Sugar,4,241.56,0.05,917.94,697.38,220.56
2025-01-09 04:43:26.171809841,CUST1160,East,Beverages,Coffee,17,108.6,0.1,1661.63,1347.23,314.41
2025-01-09 12:00:36.030025020,CUST1095,South,Personal Care,Detergent Bar,14,289.72,0.0,4056.02,2576.62,1479.39
2025-01-09 19:17:45.888240200,CUST1114,Central,Grocery,Wheat Flour,1,69.19,0.0,69.19,44.69,24.49
2025-01-10 02:34:55.746455379,CUST1151,Central,Household,Tissue,7,88.31,0.0,618.15,462.2,155.95
2025-01-10 09:52:05.604670558,CUST1100,West,Grocery,Pulses,5,137.68,0.0,688.38,441.94,246.44
2025-01-10 17:09:15.462885738,CUST1053,North,Household,Laundry Detergent,4,137.96,0.0,551.85,423.8,128.06
2025-01-11 00:26:25.321100917,CUST1074,South,Grocery,Pulses,3,63.6,0.0,190.8,124.3,66.5
2025-01-11 07:43:35.179316096,CUST1086,West,Snacks,Cookies,4,39.06,0.05,148.42,120.21,28.22
2025-01-11 15:00:45.037531276,CUST1126,East,Grocery,Rice,11,183.59,0.0,2019.48,1398.81,620.68
2025-01-11 22:17:54.895746455,CUST1056,North,Grocery,Wheat Flour,3,88.19,0.0,264.56,180.65,83.9
2025-01-12 05:35:04.753961634,CUST1020,North,Grocery,Wheat Flour,5,437.65,0.0,2188.25,1623.35,564.9
2025-01-12 12:52:14.612176814,CUST1152,West,Snacks,Biscuits,3,115.82,0.0,347.47,245.59,101.88
2025-01-12 20:09:24.470391993,CUST1145,North,Beverages,Coffee,2,79.77,0.15,135.61,104.91,30.7
2025-01-13 03:26:34.328607172,CUST1109,Central,Beverages,Juice,1,170.78,0.0,170.78,138.82,31.96
2025-01-13 10:43:44.186822352,CUST1161,South,Grocery,Rice,8,236.95,0.1,1706.05,1271.35,434.71
2025-01-13 18:00:54.045037531,CUST1001,East,Grocery,Rice,7,414.4,0.0,2900.79,1929.34,971.44
2025-01-14 01:18:03.903252710,CUST1123,South,Grocery,Cooking Oil,17,315.4,0.0,5361.75,4235.3,1126.45
2025-01-14 08:35:13.761467890,CUST1038,South,Household,Tissue,10,261.22,0.0,2612.24,1697.96,914.28
2025-01-14 15:52:23.619683069,CUST1029,West,Snacks,Namkeen,6,78.62,0.0,471.71,364.86,106.85
2025-01-14 23:09:33.477898248,CUST1080,East,Beverages,Tea,1,101.36,0.0,101.36,65.71,35.64
2025-01-15 06:26:43.336113427,CUST1005,South,Grocery,Cooking Oil,5,181.72,0.0,908.62,571.51,337.11
2025-01-15 13:43:53.194328607,CUST1056,East,Grocery,Pulses,5,185.96,0.0,929.78,674.88,254.9
2025-01-15 21:01:03.052543786,CUST1028,South,Household,Garbage Bags,3,210.98,0.1,569.64,382.77,186.87
2025-01-16 04:18:12.910758965,CUST1028,South,Personal Care,Toothpaste,9,153.56,0.0,1382.08,938.75,443.32
2025-01-16 11:35:22.768974145,CUST1111,West,Snacks,Biscuits,2,135.77,0.05,257.96,188.22,69.74
2025-01-16 18:52:32.627189324,CUST1121,North,Snacks,Chips,19,136.95,0.0,2602.13,1802.43,799.69
2025-01-17 02:09:42.485404503,CUST1031,Central,Grocery,Pulses,13,140.84,0.1,1647.86,1050.76,597.1
2025-01-17 09:26:52.343619683,CUST1173,West,Household,Floor Cleaner,9,265.54,0.0,2389.83,1732.29,657.55
2025-01-17 16:44:02.201834862,CUST1139,West,Grocery,Wheat Flour,6,214.43,0.0,1286.57,962.19,324.38
2025-01-18 00:01:12.060050041,CUST1143,East,Beverages,Soft Drink,5,178.44,0.05,847.61,667.28,180.33
2025-01-18 07:18:21.918265221,CUST1064,West,Beverages,Tea,4,88.32,0.0,353.28,291.04,62.24
2025-01-18 14:35:31.776480400,CUST1040,East,Household,Laundry Detergent,3,157.65,0.1,425.65,300.65,125.0
2025-01-18 21:52:41.634695579,CUST1179,East,Snacks,Biscuits,8,136.94,0.1,986.0,746.73,239.27
2025-01-19 05:09:51.492910759,CUST1086,South,Snacks,Chips,7,122.52,0.0,857.62,672.09,185.53
2025-01-19 12:27:01.351125938,CUST1157,West,Personal Care,Toothpaste,4,156.11,0.0,624.42,461.3,163.12
2025-01-19 19:44:11.209341117,CUST1090,East,Personal Care,Shampoo,5,289.15,0.0,1445.77,1031.11,414.66
2025-01-20 03:01:21.067556297,CUST1037,South,Grocery,Pulses,5,81.33,0.1,365.97,290.51,75.46
2025-01-20 10:18:30.925771476,CUST1180,North,Personal Care,Shampoo,3,95.26,0.0,285.78,223.98,61.8
2025-01-20 17:35:40.783986655,CUST1108,East,Grocery,Rice,3,209.95,0.1,566.86,424.66,142.19
2025-01-21 00:52:50.642201835,CUST1118,West,Grocery,Rice,5,278.04,0.15,1181.68,771.29,410.39
2025-01-21 08:10:00.500417014,CUST1019,South,Snacks,Biscuits,2,65.42,0.0,130.84,105.2,25.64
2025-01-21 15:27:10.358632193,CUST1103,East,Grocery,Sugar,2,255.0,0.0,510.0,412.89,97.11
2025-01-21 22:44:20.216847372,CUST1072,North,Beverages,Coffee,5,155.17,0.0,775.84,514.49,261.34
2025-01-22 06:01:30.075062552,CUST1165,Central,Personal Care,Toothpaste,10,297.01,0.1,2673.12,2223.45,449.66
2025-01-22 13:18:39.933277731,CUST1005,Central,Beverages,Coffee,7,151.7,0.05,1008.83,684.97,323.86
2025-01-22 20:35:49.791492910,CUST1128,North,Beverages,Tea,1,172.01,0.0,172.01,140.5,31.51
2025-01-23 03:52:59.649708090,CUST1075,South,Snacks,Biscuits,6,128.54,0.0,771.25,524.38,246.87
2025-01-23 11:10:09.507923269,CUST1057,East,Snacks,Chips,1,104.68,0.0,104.68,68.06,36.63
2025-01-23 18:27:19.366138448,CUST1036,East,Snacks,Chocolate,5,120.22,0.15,510.93,337.5,173.43
2025-01-24 01:44:29.224353628,CUST1150,Central,Grocery,Pulses,21,219.25,0.0,4604.24,3821.05,783.18
2025-01-24 09:01:39.082568807,CUST1171,South,Snacks,Chips,3,120.22,0.05,342.62,249.77,92.85
2025-01-24 16:18:48.940783986,CUST1017,South,Beverages,Soft Drink,6,132.68,0.0,796.07,654.22,141.85
2025-01-24 23:35:58.798999166,CUST1143,East,Personal Care,Soap,6,218.45,0.0,1310.72,953.78,356.94
2025-01-25 06:53:08.657214345,CUST1007,North,Household,Garbage Bags,1,191.96,0.0,191.96,124.11,67.86
2025-01-25 14:10:18.515429524,CUST1045,South,Grocery,Wheat Flour,13,62.5,0.0,812.52,603.99,208.54
2025-01-25 21:27:28.373644704,CUST1016,Central,Household,Laundry Detergent,4,287.22,0.0,1148.87,870.49,278.38
2025-01-26 04:44:38.231859883,CUST1121,South,Snacks,Chips,9,119.73,0.05,1023.73,831.48,192.25
2025-01-26 12:01:48.090075062,CUST1073,North,Grocery,Cooking Oil,5,137.9,0.0,689.49,433.87,255.62
2025-01-26 19:18:57.948290242,CUST1117,East,Beverages,Juice,10,120.08,0.1,1080.71,824.5,256.21
2025-01-27 02:36:07.806505421,CUST1009,East,Snacks,Chips,4,144.45,0.05,548.89,366.44,182.46
2025-01-27 09:53:17.664720600,CUST1142,Central,Snacks,Biscuits,4,126.06,0.0,504.23,378.4,125.83
2025-01-27 17:10:27.522935780,CUST1139,East,Grocery,Rice,2,151.91,0.0,303.83,250.64,53.18
2025-01-28 00:27:37.381150959,CUST1062,Central,Grocery,Cooking Oil,1,243.31,0.1,218.98,159.62,59.36
2025-01-28 07:44:47.239366138,CUST1059,North,Household,Laundry Detergent,3,289.23,0.05,824.3,665.31,158.98
2025-01-28 15:01:57.097581318,CUST1107,Central,Beverages,Mineral Water,11,49.58,0.1,490.88,318.26,172.62
2025-01-28 22:19:06.955796497,CUST1098,West,Personal Care,Shampoo,11,111.07,0.15,1038.46,788.19,250.27
2025-01-29 05:36:16.814011676,CUST1096,West,Grocery,Pulses,4,261.92,0.0,1047.68,865.58,182.1
2025-01-29 12:53:26.672226855,CUST1175,Central,Grocery,Sugar,6,356.1,0.1,1922.96,1611.12,311.84
2025-01-29 20:10:36.530442035,CUST1029,West,Beverages,Soft Drink,7,75.16,0.0,526.12,357.86,168.25
2025-01-30 03:27:46.388657214,CUST1081,West,Beverages,Mineral Water,3,153.02,0.0,459.05,297.88,161.18
2025-01-30 10:44:56.246872393,CUST1064,North,Grocery,Pulses,5,203.01,0.0,1015.07,676.93,338.14
2025-01-30 18:02:06.105087573,CUST1050,West,Snacks,Chocolate,8,40.7,0.0,325.62,234.38,91.23
2025-01-31 01:19:15.963302752,CUST1063,Central,Grocery,Pulses,6,237.42,0.0,1424.54,1037.28,387.26
2025-01-31 08:36:25.821517931,CUST1033,West,Grocery,Sugar,9,101.33,0.05,866.35,662.36,204.0
2025-01-31 15:53:35.679733111,CUST1097,South,Personal Care,Toothpaste,2,198.81,0.05,377.74,235.01,142.73
2025-01-31 23:10:45.537948290,CUST1106,West,Snacks,Biscuits,5,71.6,0.05,340.1,270.76,69.34
2025-02-01 06:27:55.396163469,CUST1084,West,Grocery,Sugar,15,162.52,0.05,2315.95,1682.69,633.26
2025-02-01 13:45:05.254378649,CUST1122,East,Snacks,Chips,13,77.02,0.05,951.18,690.03,261.16
2025-02-01 21:02:15.112593828,CUST1156,South,Household,Tissue,8,149.69,0.0,1197.56,872.44,325.11
2025-02-02 04:19:24.970809007,CUST1004,West,Beverages,Mineral Water,7,64.94,0.05,431.86,308.18,123.68
2025-02-02 11:36:34.829024187,CUST1115,South,Beverages,Juice,30,29.56,0.05,842.35,643.64,198.71
2025-02-02 18:53:44.687239366,CUST1014,South,Household,Tissue,7,171.59,0.05,1141.09,866.27,274.82
2025-02-03 02:10:54.545454545,CUST1028,South,Grocery,Pulses,5,206.06,0.05,978.78,674.06,304.72
2025-02-03 09:28:04.403669725,CUST1093,South,Household,Garbage Bags,3,120.82,0.0,362.45,238.25,124.19
2025-02-03 16:45:14.261884904,CUST1120,West,Personal Care,Soap,1,44.72,0.05,42.48,30.77,11.71
2025-02-04 00:02:24.120100083,CUST1059,Central,Beverages,Juice,4,177.94,0.05,676.16,452.65,223.52
2025-02-04 07:19:33.978315263,CUST1124,South,Grocery,Sugar,10,251.39,0.0,2513.94,1948.38,565.56
2025-02-04 14:36:43.836530442,CUST1145,South,Grocery,Pulses,7,395.94,0.05,2632.99,1920.45,712.54
2025-02-04 21:53:53.694745621,CUST1073,North,Household,Dishwash,11,247.35,0.15,2312.76,1458.44,854.32
2025-02-05 05:11:03.552960800,CUST1082,Central,Beverages,Mineral Water,12,139.46,0.05,1589.84,1268.26,321.58
2025-02-05 12:28:13.411175980,CUST1161,North,Personal Care,Toothpaste,4,196.61,0.0,786.42,582.48,203.94
2025-02-05 19:45:23.269391159,CUST1048,South,Snacks,Namkeen,10,106.87,0.0,1068.68,865.56,203.12
2025-02-06 03:02:33.127606338,CUST1107,Central,Beverages,Mineral Water,5,86.13,0.0,430.63,344.91,85.73
2025-02-06 10:19:42.985821518,CUST1027,Central,Household,Dishwash,2,99.9,0.05,189.81,139.52,50.28
2025-02-06 17:36:52.844036697,CUST1159,North,Personal Care,Toothpaste,2,173.46,0.1,312.22,248.51,63.71
2025-02-07 00:54:02.702251876,CUST1150,Central,Snacks,Chips,6,126.05,0.0,756.28,469.33,286.96
2025-02-07 08:11:12.560467056,CUST1100,West,Household,Dishwash,8,126.69,0.0,1013.55,791.61,221.94
2025-02-07 15:28:22.418682235,CUST1150,Central,Personal Care,Soap,11,79.52,0.1,787.29,525.66,261.63
2025-02-07 22:45:32.276897414,CUST1125,North,Snacks,Chocolate,8,38.43,0.05,292.07,209.53,82.54
2025-02-08 06:02:42.135112594,CUST1073,North,Personal Care,Detergent Bar,2,239.75,0.05,455.52,342.12,113.39
2025-02-08 13:19:51.993327773,CUST1058,East,Grocery,Rice,2,314.54,0.05,597.62,400.87,196.75
2025-02-08 20:37:01.851542952,CUST1106,North,Grocery,Wheat Flour,8,230.73,0.05,1753.58,1164.74,588.84
2025-02-09 03:54:11.709758132,CUST1104,West,Household,Tissue,17,169.79,0.0,2886.51,2419.9,466.62
2025-02-09 11:11:21.567973311,CUST1066,North,Grocery,Pulses,4,394.52,0.0,1578.09,1057.35,520.74
2025-02-09 18:28:31.426188490,CUST1143,West,Grocery,Sugar,4,248.99,0.0,995.95,789.77,206.18
2025-02-10 01:45:41.284403670,CUST1143,Central,Household,Floor Cleaner,1,92.38,0.0,92.38,73.92,18.47
2025-02-10 09:02:51.142618849,CUST1014,North,Grocery,Sugar,5,181.9,0.1,818.55,673.68,144.88
2025-02-10 16:20:01.000834028,CUST1128,West,Snacks,Cookies,6,82.17,0.0,493.02,389.92,103.1
2025-02-10 23:37:10.859049207,CUST1162,South,Beverages,Juice,5,124.33,0.0,621.64,393.81,227.83
2025-02-11 06:54:20.717264387,CUST1097,West,Grocery,Sugar,8,216.44,0.0,1731.51,1336.99,394.51
2025-02-11 14:11:30.575479566,CUST1007,East,Snacks,Biscuits,13,105.24,0.05,1299.76,921.61,378.16
2025-02-11 21:28:40.433694745,CUST1013,Central,Beverages,Mineral Water,7,89.88,0.0,629.16,475.75,153.41
2025-02-12 04:45:50.291909925,CUST1117,South,Household,Garbage Bags,5,214.39,0.0,1071.94,863.72,208.22
2025-02-12 12:03:00.150125104,CUST1137,North,Grocery,Wheat Flour,11,194.11,0.15,1814.97,1439.48,375.48
2025-02-12 19:20:10.008340283,CUST1177,North,Personal Care,Detergent Bar,2,242.01,0.0,484.02,341.23,142.79
2025-02-13 02:37:19.866555463,CUST1133,West,Grocery,Pulses,7,318.89,0.0,2232.25,1389.94,842.31
2025-02-13 09:54:29.724770642,CUST1096,South,Personal Care,Shampoo,3,242.72,0.0,728.15,539.5,188.65
2025-02-13 17:11:39.582985821,CUST1119,South,Grocery,Cooking Oil,6,440.16,0.0,2640.94,2195.05,445.89
2025-02-14 00:28:49.441201001,CUST1015,North,Beverages,Juice,6,118.29,0.05,674.26,437.04,237.22
2025-02-14 07:45:59.299416180,CUST1122,North,Household,Dishwash,2,109.24,0.1,196.63,149.85,46.78
2025-02-14 15:03:09.157631359,CUST1150,East,Grocery,Wheat Flour,1,130.64,0.0,130.64,90.19,40.44
2025-02-14 22:20:19.015846539,CUST1118,East,Grocery,Cooking Oil,7,127.54,0.05,848.14,620.7,227.44
2025-02-15 05:37:28.874061718,CUST1104,East,Grocery,Cooking Oil,3,352.06,0.05,1003.37,841.02,162.35
2025-02-15 12:54:38.732276897,CUST1058,West,Beverages,Coffee,1,120.32,0.0,120.32,97.05,23.27
2025-02-15 20:11:48.590492077,CUST1125,West,Personal Care,Soap,11,115.99,0.15,1084.46,760.24,324.22
2025-02-16 03:28:58.448707256,CUST1014,East,Personal Care,Toothpaste,7,83.05,0.0,581.35,472.25,109.1
2025-02-16 10:46:08.306922435,CUST1110,East,Grocery,Wheat Flour,2,269.87,0.1,485.77,354.42,131.34
2025-02-16 18:03:18.165137614,CUST1047,East,Grocery,Pulses,8,193.12,0.0,1544.96,1230.25,314.71
2025-02-17 01:20:28.023352794,CUST1090,Central,Personal Care,Face Wash,3,216.77,0.05,617.78,483.6,134.18
2025-02-17 08:37:37.881567973,CUST1064,Central,Grocery,Pulses,9,326.04,0.0,2934.4,2062.65,871.75
2025-02-17 15:54:47.739783152,CUST1070,North,Snacks,Cookies,15,30.48,0.0,457.17,356.82,100.35
2025-02-17 23:11:57.597998332,CUST1014,South,Grocery,Cooking Oil,4,233.54,0.0,934.18,635.83,298.34
2025-02-18 06:29:07.456213511,CUST1178,North,Grocery,Wheat Flour,2,149.94,0.05,284.88,198.31,86.57
2025-02-18 13:46:17.314428690,CUST1069,East,Personal Care,Shampoo,7,243.74,0.0,1706.21,1425.54,280.67
2025-02-18 21:03:27.172643870,CUST1071,North,Personal Care,Face Wash,15,127.62,0.0,1914.29,1281.75,632.54
2025-02-19 04:20:37.030859049,CUST1022,North,Snacks,Cookies,3,99.68,0.0,299.03,194.67,104.36
2025-02-19 11:37:46.889074228,CUST1063,North,Personal Care,Shampoo,1,243.55,0.0,243.55,203.4,40.14
2025-02-19 18:54:56.747289408,CUST1058,West,Grocery,Pulses,3,252.95,0.0,758.84,545.82,213.03
2025-02-20 02:12:06.605504587,CUST1178,East,Personal Care,Shampoo,2,166.92,0.05,317.15,253.99,63.16
2025-02-20 09:29:16.463719766,CUST1042,West,Personal Care,Toothpaste,3,117.77,0.0,353.32,288.78,64.54
2025-02-20 16:46:26.321934946,CUST1008,Central,Personal Care,Detergent Bar,3,79.75,0.05,227.28,142.58,84.7
2025-02-21 00:03:36.180150125,CUST1158,Central,Personal Care,Toothpaste,10,119.71,0.0,1197.12,774.46,422.66
2025-02-21 07:20:46.038365304,CUST1126,Central,Beverages,Juice,3,50.15,0.05,142.92,116.6,26.32
2025-02-21 14:37:55.896580484,CUST1131,West,Household,Tissue,6,187.78,0.0,1126.68,821.04,305.64
2025-02-21 21:55:05.754795663,CUST1075,North,Beverages,Coffee,6,38.51,0.05,219.52,145.34,74.18
2025-02-22 05:12:15.613010842,CUST1148,West,Beverages,Tea,5,44.57,0.0,222.86,146.74,76.11
2025-02-22 12:29:25.471226022,CUST1145,North,Household,Laundry Detergent,12,141.18,0.05,1609.5,1330.13,279.37
2025-02-22 19:46:35.329441201,CUST1147,East,Personal Care,Face Wash,6,135.57,0.0,813.41,527.37,286.04
2025-02-23 03:03:45.187656380,CUST1028,West,Beverages,Tea,9,174.77,0.1,1415.62,1095.48,320.14
2025-02-23 10:20:55.045871560,CUST1120,West,Household,Dishwash,10,78.96,0.0,789.6,491.71,297.89
2025-02-23 17:38:04.904086739,CUST1086,North,Beverages,Soft Drink,3,138.19,0.1,373.11,258.45,114.66
2025-02-24 00:55:14.762301918,CUST1137,West,Household,Garbage Bags,3,125.69,0.0,377.08,274.3,102.78
2025-02-24 08:12:24.620517098,CUST1026,West,Household,Floor Cleaner,9,180.38,0.05,1542.24,1160.42,381.82
2025-02-24 15:29:34.478732277,CUST1162,East,Beverages,Mineral Water,12,104.42,0.05,1190.35,986.94,203.41
2025-02-24 22:46:44.336947456,CUST1106,North,Personal Care,Soap,16,45.54,0.1,655.75,441.02,214.73
2025-02-25 06:03:54.195162636,CUST1124,North,Beverages,Mineral Water,1,57.08,0.0,57.08,35.85,21.23
2025-02-25 13:21:04.053377815,CUST1021,East,Beverages,Mineral Water,5,86.5,0.0,432.52,346.02,86.5
2025-02-25 20:38:13.911592994,CUST1161,Central,Household,Dishwash,5,251.28,0.0,1256.41,965.45,290.97
2025-02-26 03:55:23.769808174,CUST1068,North,Personal Care,Detergent Bar,3,103.27,0.05,294.31,226.93,67.38
2025-02-26 11:12:33.628023353,CUST1051,East,Beverages,Coffee,6,87.66,0.05,499.65,380.84,118.81
2025-02-26 18:29:43.486238532,CUST1094,South,Snacks,Chips,2,42.34,0.0,84.68,67.95,16.73
2025-02-27 01:46:53.344453711,CUST1107,South,Grocery,Cooking Oil,5,57.93,0.05,275.18,221.81,53.38
2025-02-27 09:04:03.202668891,CUST1063,East,Beverages,Mineral Water,1,147.29,0.1,132.56,108.92,23.64
2025-02-27 16:21:13.060884070,CUST1019,Central,Snacks,Chips,4,41.53,0.05,157.82,130.72,27.1
2025-02-27 23:38:22.919099249,CUST1116,West,Snacks,Chips,5,73.25,0.05,347.95,243.64,104.31
2025-02-28 06:55:32.777314429,CUST1170,Central,Snacks,Chocolate,2,73.84,0.0,147.68,107.41,40.27
2025-02-28 14:12:42.635529608,CUST1145,Central,Household,Garbage Bags,6,345.2,0.0,2071.22,1722.12,349.11
2025-02-28 21:29:52.493744787,CUST1085,West,Household,Tissue,5,298.04,0.05,1415.71,932.92,482.79
2025-03-01 04:47:02.351959967,CUST1017,East,Grocery,Sugar,7,182.38,0.0,1276.69,904.39,372.29
2025-03-01 12:04:12.210175146,CUST1054,Central,Household,Dishwash,4,89.71,0.05,340.9,256.29,84.61
2025-03-01 19:21:22.068390325,CUST1154,West,Beverages,Mineral Water,13,33.95,0.15,375.15,310.92,64.22
2025-03-02 02:38:31.926605505,CUST1092,East,Snacks,Chips,32,139.44,0.1,4015.74,2892.6,1123.14
2025-03-02 09:55:41.784820684,CUST1063,East,Snacks,Chocolate,1,27.73,0.0,27.73,18.66,9.07
2025-03-02 17:12:51.643035863,CUST1035,North,Beverages,Mineral Water,10,160.17,0.1,1441.51,999.47,442.04
2025-03-03 00:30:01.501251043,CUST1037,Central,Personal Care,Toothpaste,9,38.79,0.1,314.23,246.01,68.22
2025-03-03 07:47:11.359466222,CUST1075,East,Personal Care,Face Wash,7,226.63,0.05,1507.12,942.54,564.58
2025-03-03 15:04:21.217681401,CUST1124,West,Snacks,Chocolate,7,33.12,0.0,231.86,186.7,45.15
2025-03-03 22:21:31.075896581,CUST1065,North,Grocery,Wheat Flour,1,155.21,0.0,155.21,112.5,42.71
2025-03-04 05:38:40.934111760,CUST1054,West,Snacks,Cookies,3,118.75,0.1,320.62,230.81,89.82
2025-03-04 12:55:50.792326939,CUST1034,South,Snacks,Chips,9,87.62,0.0,788.6,575.1,213.49
2025-03-04 20:13:00.650542118,CUST1088,South,Household,Laundry Detergent,2,264.51,0.05,502.57,410.63,91.94
2025-03-05 03:30:10.508757298,CUST1145,South,Beverages,Mineral Water,6,165.62,0.1,894.33,687.32,207.01
2025-03-05 10:47:20.366972477,CUST1108,East,Grocery,Pulses,2,299.41,0.05,568.88,473.61,95.27
2025-03-05 18:04:30.225187656,CUST1146,East,Household,Dishwash,3,200.12,0.0,600.36,432.68,167.68
2025-03-06 01:21:40.083402836,CUST1100,Central,Beverages,Juice,4,110.57,0.1,398.05,310.76,87.29
2025-03-06 08:38:49.941618015,CUST1013,North,Personal Care,Face Wash,3,139.71,0.0,419.13,341.95,77.18
2025-03-06 15:55:59.799833194,CUST1163,North,Household,Floor Cleaner,4,301.48,0.05,1145.62,949.43,196.19
2025-03-06 23:13:09.658048374,CUST1092,South,Personal Care,Soap,4,237.01,0.0,948.05,633.63,314.41
2025-03-07 06:30:19.516263553,CUST1007,West,Household,Garbage Bags,7,149.63,0.0,1047.41,819.69,227.72
2025-03-07 13:47:29.374478732,CUST1157,North,Snacks,Chocolate,6,121.82,0.0,730.89,501.86,229.03
2025-03-07 21:04:39.232693912,CUST1178,East,Household,Floor Cleaner,5,332.82,0.05,1580.88,1324.92,255.96
2025-03-08 04:21:49.090909091,CUST1068,West,Household,Tissue,3,132.87,0.15,338.82,249.37,89.45
2025-03-08 11:38:58.949124270,CUST1005,West,Snacks,Biscuits,8,81.1,0.0,648.79,423.27,225.51
2025-03-08 18:56:08.807339450,CUST1078,South,Snacks,Namkeen,5,143.38,0.1,645.21,508.03,137.18
2025-03-09 02:13:18.665554629,CUST1156,West,Grocery,Sugar,3,222.67,0.05,634.62,512.66,121.95
2025-03-09 09:30:28.523769808,CUST1098,North,Household,Tissue,1,107.03,0.05,101.68,83.35,18.33
2025-03-09 16:47:38.381984988,CUST1081,East,Household,Garbage Bags,7,143.0,0.0,1001.0,721.53,279.47
2025-03-10 00:04:48.240200167,CUST1066,East,Household,Floor Cleaner,5,240.31,0.0,1201.55,829.99,371.56
2025-03-10 07:21:58.098415346,CUST1160,North,Grocery,Sugar,14,237.16,0.1,2988.28,2505.72,482.56
2025-03-10 14:39:07.956630526,CUST1082,West,Personal Care,Soap,3,199.84,0.0,599.52,447.39,152.13
2025-03-10 21:56:17.814845705,CUST1098,Central,Household,Dishwash,6,61.68,0.0,370.07,243.71,126.36
2025-03-11 05:13:27.673060884,CUST1149,West,Grocery,Cooking Oil,1,251.85,0.1,226.66,185.04,41.62
2025-03-11 12:30:37.531276063,CUST1068,South,Household,Tissue,18,306.51,0.0,5517.16,3507.01,2010.15
2025-03-11 19:47:47.389491243,CUST1116,Central,Household,Garbage Bags,2,297.44,0.0,594.87,429.45,165.42
2025-03-12 03:04:57.247706422,CUST1061,West,Grocery,Pulses,5,40.0,0.0,200.02,137.4,62.62
2025-03-12 10:22:07.105921601,CUST1126,East,Grocery,Sugar,11,210.54,0.0,2315.91,1574.16,741.75
2025-03-12 17:39:16.964136781,CUST1162,North,Household,Tissue,2,73.54,0.0,147.07,114.14,32.94
2025-03-13 00:56:26.822351960,CUST1104,East,Grocery,Wheat Flour,4,93.28,0.15,317.14,227.94,89.2
2025-03-13 08:13:36.680567139,CUST1076,Central,Personal Care,Shampoo,8,123.94,0.1,892.34,690.9,201.44
2025-03-13 15:30:46.538782319,CUST1078,South,Household,Dishwash,7,54.82,0.05,364.54,235.99,128.55
2025-03-13 22:47:56.396997498,CUST1013,East,Snacks,Chips,1,145.71,0.05,138.43,112.1,26.33
2025-03-14 06:05:06.255212677,CUST1119,East,Household,Laundry Detergent,4,294.92,0.0,1179.69,749.81,429.88
2025-03-14 13:22:16.113427857,CUST1156,Central,Household,Laundry Detergent,1,173.5,0.1,156.15,111.6,44.55
2025-03-14 20:39:25.971643036,CUST1084,East,Grocery,Sugar,8,74.41,0.0,595.26,497.66,97.59
2025-03-15 03:56:35.829858215,CUST1062,North,Personal Care,Face Wash,4,172.46,0.15,586.35,378.15,208.2
2025-03-15 11:13:45.688073395,CUST1024,South,Personal Care,Shampoo,3,195.45,0.05,557.04,422.66,134.38
2025-03-15 18:30:55.546288574,CUST1034,East,Personal Care,Shampoo,3,193.75,0.05,552.18,374.83,177.34
2025-03-16 01:48:05.404503753,CUST1154,North,Beverages,Soft Drink,6,119.55,0.1,645.58,534.72,110.86
2025-03-16 09:05:15.262718933,CUST1164,East,Grocery,Sugar,8,280.91,0.05,2134.92,1442.53,692.39
2025-03-16 16:22:25.120934112,CUST1085,North,Household,Tissue,7,199.41,0.05,1326.09,917.59,408.5
2025-03-16 23:39:34.979149291,CUST1151,West,Beverages,Juice,15,120.06,0.0,1800.9,1195.51,605.39
2025-03-17 06:56:44.837364470,CUST1082,South,Grocery,Rice,3,151.03,0.05,430.44,330.59,99.85
2025-03-17 14:13:54.695579650,CUST1134,East,Household,Laundry Detergent,1,137.45,0.05,130.58,93.24,37.34
2025-03-17 21:31:04.553794829,CUST1168,West,Snacks,Biscuits,5,24.55,0.1,110.48,84.0,26.48
2025-03-18 04:48:14.412010008,CUST1055,East,Snacks,Namkeen,3,85.34,0.1,230.42,148.21,82.22
2025-03-18 12:05:24.270225188,CUST1047,West,Beverages,Coffee,9,42.34,0.05,362.02,281.84,80.18
2025-03-18 19:22:34.128440367,CUST1032,Central,Beverages,Juice,2,108.01,0.05,205.22,141.13,64.09
2025-03-19 02:39:43.986655546,CUST1169,Central,Beverages,Coffee,2,60.93,0.1,109.67,76.41,33.26
2025-03-19 09:56:53.844870726,CUST1045,North,Personal Care,Soap,3,143.94,0.0,431.82,314.22,117.6
2025-03-19 17:14:03.703085905,CUST1122,South,Personal Care,Face Wash,1,57.14,0.0,57.14,46.63,10.51
2025-03-20 00:31:13.561301084,CUST1137,North,Snacks,Namkeen,6,70.83,0.15,361.25,272.96,88.3
2025-03-20 07:48:23.419516264,CUST1048,North,Beverages,Soft Drink,1,141.81,0.05,134.72,84.18,50.54
2025-03-20 15:05:33.277731443,CUST1017,East,Snacks,Cookies,2,136.44,0.0,272.88,170.27,102.6
2025-03-20 22:22:43.135946622,CUST1093,North,Grocery,Pulses,4,403.1,0.05,1531.8,1203.35,328.45
2025-03-21 05:39:52.994161802,CUST1146,East,Household,Dishwash,1,189.89,0.0,189.89,133.94,55.96
2025-03-21 12:57:02.852376981,CUST1066,Central,Grocery,Wheat Flour,4,399.71,0.05,1518.91,966.49,552.42
2025-03-21 20:14:12.710592160,CUST1091,East,Personal Care,Detergent Bar,2,158.02,0.05,300.24,232.97,67.28
2025-03-22 03:31:22.568807340,CUST1112,Central,Household,Dishwash,3,224.3,0.0,672.91,498.34,174.58
2025-03-22 10:48:32.427022519,CUST1090,West,Beverages,Coffee,8,78.78,0.05,598.72,428.26,170.46
2025-03-22 18:05:42.285237698,CUST1130,West,Household,Garbage Bags,2,110.68,0.0,221.35,149.0,72.35
2025-03-23 01:22:52.143452877,CUST1129,Central,Personal Care,Toothpaste,2,218.48,0.1,393.26,298.87,94.38
2025-03-23 08:40:02.001668057,CUST1070,West,Household,Garbage Bags,14,294.48,0.05,3916.61,3083.89,832.72
2025-03-23 15:57:11.859883236,CUST1134,North,Personal Care,Detergent Bar,2,99.5,0.0,199.0,152.57,46.43
2025-03-23 23:14:21.718098415,CUST1038,East,Household,Laundry Detergent,1,274.4,0.1,246.96,191.52,55.44
2025-03-24 06:31:31.576313595,CUST1035,South,Household,Laundry Detergent,22,171.8,0.0,3779.68,2410.11,1369.57
2025-03-24 13:48:41.434528774,CUST1061,Central,Personal Care,Detergent Bar,2,200.52,0.05,380.99,284.91,96.08
2025-03-24 21:05:51.292743953,CUST1149,West,Personal Care,Toothpaste,2,133.44,0.05,253.54,183.37,70.17
2025-03-25 04:23:01.150959133,CUST1075,Central,Snacks,Biscuits,7,143.4,0.1,903.4,581.98,321.42
2025-03-25 11:40:11.009174312,CUST1093,South,Snacks,Biscuits,6,125.33,0.0,752.0,562.15,189.85
2025-03-25 18:57:20.867389491,CUST1066,Central,Grocery,Rice,5,326.85,0.0,1634.26,1157.74,476.53
2025-03-26 02:14:30.725604671,CUST1144,East,Household,Floor Cleaner,6,75.37,0.05,429.61,349.62,79.99
2025-03-26 09:31:40.583819850,CUST1119,North,Grocery,Pulses,9,320.22,0.0,2881.94,1923.9,958.04
2025-03-26 16:48:50.442035029,CUST1108,South,Beverages,Mineral Water,4,151.63,0.0,606.52,385.52,221.0
2025-03-27 00:06:00.300250209,CUST1056,East,Grocery,Cooking Oil,3,426.38,0.0,1279.13,825.26,453.87
2025-03-27 07:23:10.158465388,CUST1127,South,Beverages,Mineral Water,3,129.47,0.0,388.41,270.09,118.32
2025-03-27 14:40:20.016680567,CUST1087,North,Household,Laundry Detergent,4,93.22,0.05,354.25,240.96,113.29
2025-03-27 21:57:29.874895747,CUST1081,North,Beverages,Coffee,2,128.42,0.0,256.84,206.71,50.13
2025-03-28 05:14:39.733110926,CUST1018,West,Household,Floor Cleaner,1,301.47,0.0,301.47,243.94,57.53
2025-03-28 12:31:49.591326105,CUST1120,West,Beverages,Mineral Water,16,87.43,0.0,1398.88,907.83,491.06
2025-03-28 19:48:59.449541284,CUST1032,East,Grocery,Sugar,5,114.96,0.05,546.08,355.75,190.33
2025-03-29 03:06:09.307756464,CUST1132,Central,Household,Laundry Detergent,12,206.02,0.0,2472.27,1853.13,619.14
2025-03-29 10:23:19.165971643,CUST1109,East,Snacks,Chips,2,39.77,0.0,79.53,57.82,21.72
2025-03-29 17:40:29.024186822,CUST1171,Central,Grocery,Sugar,9,351.77,0.05,3007.67,2179.51,828.16
2025-03-30 00:57:38.882402002,CUST1052,North,Personal Care,Soap,10,167.84,0.0,1678.38,1244.11,434.27
2025-03-30 08:14:48.740617181,CUST1107,South,Household,Dishwash,8,106.74,0.1,768.54,594.11,174.43
2025-03-30 15:31:58.598832360,CUST1102,Central,Beverages,Soft Drink,9,57.67,0.1,467.14,327.23,139.91
2025-03-30 22:49:08.457047540,CUST1147,West,Personal Care,Toothpaste,14,211.98,0.0,2967.79,2239.26,728.53
2025-03-31 06:06:18.315262719,CUST1083,South,Household,Garbage Bags,6,53.09,0.05,302.59,234.62,67.97
2025-03-31 13:23:28.173477898,CUST1119,Central,Grocery,Sugar,5,424.99,0.05,2018.7,1372.81,645.88
2025-03-31 20:40:38.031693078,CUST1027,North,Beverages,Coffee,6,34.31,0.0,205.89,140.98,64.91
2025-04-01 03:57:47.889908257,CUST1066,East,Grocery,Cooking Oil,4,391.01,0.0,1564.06,1121.14,442.92
2025-04-01 11:14:57.748123436,CUST1046,North,Beverages,Tea,8,51.87,0.1,373.45,242.8,130.65
2025-04-01 18:32:07.606338616,CUST1040,South,Grocery,Rice,1,129.34,0.0,129.34,100.1,29.24
2025-04-02 01:49:17.464553795,CUST1093,Central,Snacks,Chocolate,1,33.58,0.0,33.58,28.06,5.52
2025-04-02 09:06:27.322768974,CUST1162,West,Grocery,Wheat Flour,7,110.73,0.15,658.87,446.14,212.73
2025-04-02 16:23:37.180984154,CUST1166,East,Grocery,Rice,19,132.87,0.1,2272.14,1818.97,453.17
2025-04-02 23:40:47.039199333,CUST1027,Central,Beverages,Tea,2,99.73,0.1,179.51,143.83,35.69
2025-04-03 06:57:56.897414512,CUST1134,East,Beverages,Mineral Water,3,130.28,0.1,351.74,242.21,109.53
2025-04-03 14:15:06.755629692,CUST1148,West,Snacks,Chips,8,86.6,0.05,658.15,501.92,156.24
2025-04-03 21:32:16.613844871,CUST1058,Central,Personal Care,Shampoo,4,102.66,0.0,410.66,291.93,118.72
2025-04-04 04:49:26.472060050,CUST1159,North,Grocery,Cooking Oil,3,104.08,0.0,312.23,260.12,52.11
2025-04-04 12:06:36.330275229,CUST1117,Central,Beverages,Coffee,5,167.05,0.05,793.46,584.69,208.77
2025-04-04 19:23:46.188490409,CUST1168,South,Beverages,Coffee,4,155.92,0.0,623.69,502.53,121.17
2025-04-05 02:40:56.046705588,CUST1081,North,Snacks,Cookies,6,92.72,0.05,528.52,365.4,163.12
2025-04-05 09:58:05.904920767,CUST1073,South,Grocery,Sugar,5,149.03,0.05,707.9,457.64,250.25
2025-04-05 17:15:15.763135947,CUST1058,North,Snacks,Cookies,8,40.83,0.05,310.3,253.69,56.61
2025-04-06 00:32:25.621351126,CUST1042,South,Grocery,Sugar,2,49.72,0.1,89.5,73.73,15.77
2025-04-06 07:49:35.479566305,CUST1042,West,Grocery,Sugar,7,43.97,0.0,307.8,207.62,100.18
2025-04-06 15:06:45.337781485,CUST1043,North,Beverages,Juice,5,67.08,0.0,335.41,239.4,96.01
2025-04-06 22:23:55.195996664,CUST1144,South,Grocery,Rice,7,375.1,0.1,2363.1,1508.54,854.55
2025-04-07 05:41:05.054211843,CUST1148,North,Personal Care,Detergent Bar,1,186.58,0.05,177.25,115.9,61.35
2025-04-07 12:58:14.912427023,CUST1118,Central,Grocery,Cooking Oil,4,91.48,0.1,329.33,222.05,107.29
2025-04-07 20:15:24.770642202,CUST1148,East,Beverages,Juice,4,62.28,0.1,224.22,158.6,65.62
2025-04-08 03:32:34.628857381,CUST1163,North,Beverages,Coffee,8,29.65,0.0,237.23,165.44,71.79
2025-04-08 10:49:44.487072561,CUST1085,West,Snacks,Namkeen,1,103.83,0.0,103.83,67.33,36.51
2025-04-08 18:06:54.345287740,CUST1004,West,Snacks,Chips,1,45.35,0.05,43.08,32.42,10.66
2025-04-09 01:24:04.203502919,CUST1125,South,Grocery,Sugar,3,283.64,0.0,850.92,671.45,179.47
2025-04-09 08:41:14.061718099,CUST1041,South,Personal Care,Soap,10,69.71,0.1,627.37,395.18,232.19
2025-04-09 15:58:23.919933278,CUST1152,East,Grocery,Rice,4,45.61,0.0,182.44,135.11,47.33
2025-04-09 23:15:33.778148457,CUST1146,South,Snacks,Biscuits,8,94.99,0.0,759.96,486.2,273.76
2025-04-10 06:32:43.636363636,CUST1038,East,Household,Tissue,6,142.37,0.1,768.78,580.57,188.21
2025-04-10 13:49:53.494578816,CUST1087,Central,Grocery,Pulses,5,129.34,0.05,614.34,424.62,189.72
2025-04-10 21:07:03.352793995,CUST1099,North,Beverages,Juice,5,163.61,0.1,736.25,458.68,277.57
2025-04-11 04:24:13.211009174,CUST1089,North,Snacks,Cookies,9,31.06,0.05,265.54,187.34,78.2
2025-04-11 11:41:23.069224354,CUST1008,Central,Beverages,Soft Drink,2,96.89,0.0,193.78,156.79,36.99
2025-04-11 18:58:32.927439533,CUST1102,East,Personal Care,Soap,4,220.66,0.1,794.38,579.89,214.49
2025-04-12 02:15:42.785654712,CUST1151,East,Snacks,Cookies,11,50.23,0.0,552.53,376.88,175.65
2025-04-12 09:32:52.643869892,CUST1038,South,Grocery,Rice,9,63.38,0.05,541.91,433.75,108.16
2025-04-12 16:50:02.502085071,CUST1154,West,Snacks,Chocolate,10,114.93,0.0,1149.29,760.58,388.71
2025-04-13 00:07:12.360300250,CUST1049,South,Beverages,Mineral Water,1,168.24,0.15,143.0,108.42,34.58
2025-04-13 07:24:22.218515430,CUST1017,East,Beverages,Tea,3,83.57,0.0,250.7,191.73,58.97
2025-04-13 14:41:32.076730609,CUST1166,North,Beverages,Juice,4,161.91,0.0,647.63,493.89,153.74
2025-04-13 21:58:41.934945788,CUST1004,North,Household,Dishwash,22,98.8,0.05,2064.88,1375.09,689.79
2025-04-14 05:15:51.793160968,CUST1146,West,Grocery,Wheat Flour,3,276.56,0.05,788.2,646.14,142.06
2025-04-14 12:33:01.651376147,CUST1108,West,Grocery,Sugar,4,73.05,0.0,292.21,211.82,80.39
2025-04-14 19:50:11.509591326,CUST1152,East,Household,Floor Cleaner,2,147.71,0.0,295.41,222.37,73.05
2025-04-15 03:07:21.367806506,CUST1117,West,Snacks,Cookies,7,21.68,0.0,151.75,114.46,37.29
2025-04-15 10:24:31.226021684,CUST1113,South,Grocery,Sugar,3,228.33,0.0,684.98,454.74,230.24
2025-04-15 17:41:41.084236864,CUST1009,South,Personal Care,Shampoo,7,178.4,0.0,1248.77,946.12,302.65
2025-04-16 00:58:50.942452044,CUST1083,South,Grocery,Pulses,11,353.11,0.0,3884.25,2547.84,1336.41
2025-04-16 08:16:00.800667222,CUST1087,Central,Grocery,Sugar,5,238.15,0.0,1190.75,756.91,433.85
2025-04-16 15:33:10.658882402,CUST1001,South,Household,Dishwash,3,105.58,0.0,316.75,241.37,75.38
2025-04-16 22:50:20.517097582,CUST1063,North,Household,Dishwash,1,164.64,0.05,156.41,99.62,56.79
2025-04-17 06:07:30.375312760,CUST1006,Central,Grocery,Sugar,6,209.61,0.0,1257.65,1047.52,210.13
2025-04-17 13:24:40.233527940,CUST1147,East,Grocery,Rice,6,280.96,0.05,1601.45,1221.01,380.44
2025-04-17 20:41:50.091743120,CUST1082,West,Beverages,Coffee,3,59.82,0.0,179.47,142.82,36.64
2025-04-18 03:58:59.949958298,CUST1126,West,Personal Care,Detergent Bar,2,270.89,0.0,541.77,416.44,125.33
2025-04-18 11:16:09.808173478,CUST1065,East,Household,Tissue,13,313.88,0.1,3672.4,3077.98,594.43
2025-04-18 18:33:19.666388658,CUST1047,East,Personal Care,Toothpaste,9,87.69,0.0,789.17,501.29,287.88
2025-04-19 01:50:29.524603836,CUST1177,West,Beverages,Coffee,15,76.24,0.0,1143.55,741.84,401.72
2025-04-19 09:07:39.382819016,CUST1003,Central,Grocery,Pulses,6,170.81,0.0,1024.85,659.01,365.84
2025-04-19 16:24:49.241034196,CUST1089,South,Beverages,Soft Drink,4,88.14,0.0,352.57,285.43,67.14
2025-04-19 23:41:59.099249374,CUST1021,South,Snacks,Namkeen,1,43.55,0.0,43.55,32.69,10.86
2025-04-20 06:59:08.957464554,CUST1015,West,Grocery,Rice,9,75.99,0.0,683.94,546.2,137.74
2025-04-20 14:16:18.815679734,CUST1004,South,Snacks,Biscuits,2,111.91,0.1,201.44,161.06,40.38
2025-04-20 21:33:28.673894912,CUST1141,West,Personal Care,Face Wash,2,272.81,0.0,545.61,354.86,190.75
2025-04-21 04:50:38.532110092,CUST1179,Central,Snacks,Chocolate,8,141.12,0.0,1128.97,795.82,333.15
2025-04-21 12:07:48.390325272,CUST1099,South,Personal Care,Soap,4,290.78,0.05,1104.97,861.59,243.37
2025-04-21 19:24:58.248540450,CUST1014,North,Grocery,Cooking Oil,2,150.36,0.05,285.68,233.49,52.18
2025-04-22 02:42:08.106755630,CUST1042,North,Snacks,Chocolate,9,83.2,0.0,748.82,597.52,151.31
2025-04-22 09:59:17.964970810,CUST1127,East,Beverages,Mineral Water,6,40.11,0.05,228.65,153.4,75.25
2025-04-22 17:16:27.823185988,CUST1020,East,Beverages,Juice,7,46.28,0.05,307.77,245.8,61.98
2025-04-23 00:33:37.681401168,CUST1172,North,Personal Care,Face Wash,10,49.21,0.0,492.13,397.05,95.08
2025-04-23 07:50:47.539616348,CUST1116,East,Household,Floor Cleaner,9,188.27,0.1,1524.98,1223.8,301.18
2025-04-23 15:07:57.397831526,CUST1047,Central,Household,Garbage Bags,2,308.75,0.0,617.5,477.29,140.21
2025-04-23 22:25:07.256046706,CUST1159,Central,Grocery,Pulses,4,44.39,0.0,177.57,130.43,47.14
2025-04-24 05:42:17.114261886,CUST1113,East,Beverages,Soft Drink,4,89.35,0.1,321.65,245.33,76.32
2025-04-24 12:59:26.972477064,CUST1051,North,Beverages,Coffee,5,127.42,0.0,637.12,395.24,241.87
2025-04-24 20:16:36.830692244,CUST1127,North,Snacks,Biscuits,1,116.5,0.0,116.5,90.79,25.71
2025-04-25 03:33:46.688907422,CUST1034,South,Personal Care,Detergent Bar,4,225.46,0.0,901.84,756.42,145.42
2025-04-25 10:50:56.547122602,CUST1058,West,Grocery,Rice,12,222.12,0.0,2665.38,2108.77,556.61
2025-04-25 18:08:06.405337782,CUST1078,North,Household,Floor Cleaner,3,307.26,0.0,921.78,714.75,207.03
2025-04-26 01:25:16.263552960,CUST1042,South,Grocery,Cooking Oil,1,65.18,0.1,58.67,45.89,12.78
2025-04-26 08:42:26.121768140,CUST1172,South,Household,Floor Cleaner,6,86.75,0.05,494.47,320.04,174.43
2025-04-26 15:59:35.979983320,CUST1023,West,Household,Garbage Bags,15,300.93,0.0,4513.89,2812.9,1701.0
2025-04-26 23:16:45.838198498,CUST1140,North,Snacks,Chocolate,4,90.79,0.0,363.17,249.96,113.21
2025-04-27 06:33:55.696413678,CUST1055,East,Snacks,Cookies,12,47.29,0.05,539.07,417.19,121.88
2025-04-27 13:51:05.554628858,CUST1157,South,Household,Garbage Bags,3,193.45,0.05,551.33,418.06,133.26
2025-04-27 21:08:15.412844036,CUST1126,West,Beverages,Tea,11,73.62,0.05,769.37,614.85,154.52
2025-04-28 04:25:25.271059216,CUST1064,East,Grocery,Wheat Flour,7,309.68,0.05,2059.4,1599.71,459.69
2025-04-28 11:42:35.129274396,CUST1117,North,Personal Care,Shampoo,7,187.58,0.05,1247.43,872.31,375.12
2025-04-28 18:59:44.987489574,CUST1112,South,Grocery,Rice,1,413.44,0.1,372.09,243.94,128.16
2025-04-29 02:16:54.845704754,CUST1132,South,Personal Care,Face Wash,1,193.83,0.1,174.45,112.57,61.88
2025-04-29 09:34:04.703919934,CUST1174,West,Snacks,Namkeen,3,48.16,0.0,144.47,111.54,32.92
2025-04-29 16:51:14.562135112,CUST1046,West,Snacks,Cookies,1,123.52,0.05,117.34,88.28,29.07
2025-04-30 00:08:24.420350292,CUST1148,North,Personal Care,Face Wash,7,137.68,0.0,963.75,728.81,234.94
2025-04-30 07:25:34.278565472,CUST1140,South,Grocery,Wheat Flour,3,237.87,0.0,713.6,517.02,196.58
2025-04-30 14:42:44.136780650,CUST1023,North,Snacks,Cookies,2,86.43,0.0,172.85,120.78,52.07
2025-04-30 21:59:53.994995830,CUST1100,South,Household,Tissue,8,142.82,0.1,1028.33,754.23,274.1
2025-05-01 05:17:03.853211010,CUST1135,East,Beverages,Soft Drink,7,54.72,0.1,344.73,220.12,124.61
2025-05-01 12:34:13.711426188,CUST1125,East,Personal Care,Toothpaste,7,46.0,0.05,305.88,247.38,58.5
2025-05-01 19:51:23.569641368,CUST1012,West,Beverages,Coffee,2,65.13,0.0,130.26,96.02,34.24
2025-05-02 03:08:33.427856548,CUST1127,West,Grocery,Wheat Flour,13,338.33,0.05,4178.36,3163.62,1014.74
2025-05-02 10:25:43.286071726,CUST1086,Central,Snacks,Chips,1,124.67,0.0,124.67,95.35,29.32
2025-05-02 17:42:53.144286906,CUST1038,East,Grocery,Cooking Oil,5,342.22,0.0,1711.12,1269.0,442.12
2025-05-03 01:00:03.002502086,CUST1048,South,Grocery,Pulses,9,291.82,0.0,2626.35,2112.22,514.12
2025-05-03 08:17:12.860717264,CUST1161,Central,Grocery,Rice,2,61.63,0.1,110.93,75.18,35.75
2025-05-03 15:34:22.718932444,CUST1177,East,Grocery,Sugar,6,181.94,0.0,1091.64,773.9,317.74
2025-05-03 22:51:32.577147624,CUST1024,South,Household,Floor Cleaner,6,277.33,0.0,1664.0,1148.11,515.89
2025-05-04 06:08:42.435362802,CUST1076,South,Grocery,Wheat Flour,10,290.25,0.05,2757.36,2021.82,735.55
2025-05-04 13:25:52.293577982,CUST1015,Central,Grocery,Cooking Oil,11,44.33,0.05,463.21,368.92,94.29
2025-05-04 20:43:02.151793162,CUST1143,West,Snacks,Namkeen,6,60.26,0.05,343.48,264.07,79.41
2025-05-05 04:00:12.010008340,CUST1068,Central,Personal Care,Soap,8,152.35,0.0,1218.8,1010.95,207.85
2025-05-05 11:17:21.868223520,CUST1110,South,Beverages,Juice,2,162.21,0.0,324.42,260.35,64.07
2025-05-05 18:34:31.726438700,CUST1143,Central,Personal Care,Shampoo,13,201.28,0.15,2224.13,1394.84,829.29
2025-05-06 01:51:41.584653878,CUST1009,Central,Beverages,Soft Drink,5,167.37,0.0,836.85,634.63,202.22
2025-05-06 09:08:51.442869058,CUST1167,South,Household,Laundry Detergent,11,67.54,0.0,742.91,538.13,204.79
2025-05-06 16:26:01.301084236,CUST1068,South,Grocery,Sugar,2,279.16,0.0,558.31,432.27,126.04
2025-05-06 23:43:11.159299416,CUST1113,South,Household,Laundry Detergent,11,331.66,0.0,3648.29,2643.56,1004.73
2025-05-07 07:00:21.017514596,CUST1156,Central,Household,Tissue,5,297.94,0.05,1415.21,894.43,520.78
2025-05-07 14:17:30.875729774,CUST1068,East,Beverages,Tea,11,45.01,0.0,495.07,325.04,170.03
2025-05-07 21:34:40.733944954,CUST1149,North,Household,Garbage Bags,5,126.42,0.0,632.12,490.04,142.08
2025-05-08 04:51:50.592160134,CUST1141,North,Personal Care,Face Wash,5,282.99,0.0,1414.97,1052.21,362.76
2025-05-08 12:09:00.450375312,CUST1056,West,Snacks,Namkeen,5,135.37,0.05,642.98,529.77,113.22
2025-05-08 19:26:10.308590492,CUST1055,West,Beverages,Tea,1,179.81,0.0,179.81,128.87,50.94
2025-05-09 02:43:20.166805672,CUST1019,East,Beverages,Mineral Water,8,135.5,0.05,1029.78,780.1,249.67
2025-05-09 10:00:30.025020850,CUST1081,West,Personal Care,Shampoo,5,229.29,0.0,1146.44,846.54,299.9
2025-05-09 17:17:39.883236030,CUST1057,East,Grocery,Cooking Oil,8,389.86,0.05,2962.94,2172.83,790.11
2025-05-10 00:34:49.741451210,CUST1109,West,Snacks,Biscuits,6,51.15,0.0,306.92,244.08,62.84
2025-05-10 07:51:59.599666388,CUST1027,West,Personal Care,Face Wash,7,206.8,0.0,1447.59,1205.46,242.13
2025-05-10 15:09:09.457881568,CUST1179,East,Household,Dishwash,11,168.34,0.1,1666.6,1122.76,543.85
2025-05-10 22:26:19.316096748,CUST1125,West,Snacks,Chocolate,6,135.57,0.0,813.43,525.72,287.71
2025-05-11 05:43:29.174311926,CUST1122,North,Household,Dishwash,1,173.33,0.0,173.33,129.45,43.88
2025-05-11 13:00:39.032527106,CUST1044,South,Grocery,Rice,2,289.0,0.05,549.11,365.93,183.17
2025-05-11 20:17:48.890742286,CUST1052,East,Beverages,Soft Drink,6,99.95,0.0,599.7,466.2,133.51
2025-05-12 03:34:58.748957464,CUST1176,East,Beverages,Coffee,7,46.59,0.0,326.16,223.98,102.18
2025-05-12 10:52:08.607172644,CUST1066,West,Grocery,Cooking Oil,2,45.16,0.15,76.78,60.74,16.04
2025-05-12 18:09:18.465387824,CUST1041,North,Grocery,Sugar,5,164.68,0.05,782.22,654.89,127.33
2025-05-13 01:26:28.323603002,CUST1138,South,Personal Care,Detergent Bar,1,104.09,0.05,98.88,65.1,33.79
2025-05-13 08:43:38.181818182,CUST1153,West,Personal Care,Toothpaste,16,83.17,0.0,1330.68,900.58,430.1
2025-05-13 16:00:48.040033362,CUST1049,West,Grocery,Rice,1,294.65,0.0,294.65,215.07,79.59
2025-05-13 23:17:57.898248540,CUST1176,West,Grocery,Wheat Flour,4,54.09,0.0,216.38,140.51,75.87
2025-05-14 06:35:07.756463720,CUST1091,South,Personal Care,Soap,6,276.33,0.0,1657.96,1298.69,359.27
2025-05-14 13:52:17.614678900,CUST1095,East,Snacks,Chips,2,70.06,0.1,126.1,97.89,28.21
2025-05-14 21:09:27.472894078,CUST1039,South,Personal Care,Face Wash,4,208.37,0.0,833.47,557.65,275.83
2025-05-15 04:26:37.331109258,CUST1051,South,Grocery,Sugar,6,400.52,0.05,2282.98,1710.96,572.02
2025-05-15 11:43:47.189324438,CUST1177,East,Household,Tissue,12,169.39,0.1,1829.39,1270.35,559.04
2025-05-15 19:00:57.047539616,CUST1165,East,Beverages,Coffee,7,135.87,0.05,903.57,568.12,335.44
2025-05-16 02:18:06.905754796,CUST1117,Central,Household,Garbage Bags,1,301.65,0.1,271.49,182.85,88.64
2025-05-16 09:35:16.763969976,CUST1029,West,Grocery,Pulses,1,59.99,0.0,59.99,47.18,12.81
2025-05-16 16:52:26.622185154,CUST1090,Central,Grocery,Pulses,6,47.17,0.0,283.05,212.62,70.42
2025-05-17 00:09:36.480400334,CUST1073,Central,Personal Care,Toothpaste,3,217.7,0.05,620.43,426.41,194.02
2025-05-17 07:26:46.338615514,CUST1148,West,Snacks,Chips,1,121.0,0.1,108.9,83.64,25.26
2025-05-17 14:43:56.196830692,CUST1045,South,Snacks,Biscuits,6,47.29,0.0,283.74,214.69,69.04
2025-05-17 22:01:06.055045872,CUST1115,West,Snacks,Chips,5,50.27,0.05,238.8,187.71,51.09
2025-05-18 05:18:15.913261052,CUST1049,South,Beverages,Soft Drink,15,177.51,0.0,2662.64,1802.53,860.11
2025-05-18 12:35:25.771476230,CUST1058,East,Grocery,Wheat Flour,5,317.5,0.0,1587.48,1020.79,566.69
2025-05-18 19:52:35.629691410,CUST1169,South,Personal Care,Toothpaste,7,79.21,0.1,499.05,348.29,150.77
2025-05-19 03:09:45.487906588,CUST1103,South,Snacks,Cookies,4,64.43,0.0,257.71,198.65,59.06
2025-05-19 10:26:55.346121768,CUST1133,North,Grocery,Cooking Oil,1,131.68,0.0,131.68,83.91,47.77
2025-05-19 17:44:05.204336948,CUST1079,Central,Grocery,Wheat Flour,8,399.03,0.0,3192.25,2534.96,657.28
2025-05-20 01:01:15.062552126,CUST1020,South,Grocery,Wheat Flour,1,377.43,0.0,377.43,235.41,142.02
2025-05-20 08:18:24.920767306,CUST1032,North,Grocery,Rice,3,435.83,0.15,1111.38,924.84,186.54
2025-05-20 15:35:34.778982486,CUST1141,West,Grocery,Wheat Flour,2,374.54,0.05,711.63,506.36,205.27
2025-05-20 22:52:44.637197664,CUST1162,Central,Grocery,Rice,12,139.92,0.15,1427.19,998.14,429.04
2025-05-21 06:09:54.495412844,CUST1011,South,Snacks,Namkeen,10,76.17,0.1,685.52,487.0,198.52
2025-05-21 13:27:04.353628024,CUST1115,West,Beverages,Mineral Water,4,94.7,0.1,340.92,283.3,57.62
2025-05-21 20:44:14.211843202,CUST1170,Central,Personal Care,Toothpaste,5,40.29,0.0,201.46,147.87,53.6
2025-05-22 04:01:24.070058382,CUST1097,East,Beverages,Tea,2,35.74,0.0,71.49,52.83,18.65
2025-05-22 11:18:33.928273562,CUST1166,South,Personal Care,Face Wash,4,163.76,0.1,589.53,469.38,120.16
2025-05-22 18:35:43.786488740,CUST1051,South,Personal Care,Toothpaste,9,157.75,0.1,1277.76,971.3,306.46
2025-05-23 01:52:53.644703920,CUST1131,South,Household,Garbage Bags,14,327.98,0.05,4362.08,3106.51,1255.57
2025-05-23 09:10:03.502919100,CUST1012,Central,Household,Dishwash,3,341.85,0.0,1025.56,728.96,296.6
2025-05-23 16:27:13.361134278,CUST1060,South,Snacks,Cookies,15,115.24,0.0,1728.59,1178.7,549.9
2025-05-23 23:44:23.219349458,CUST1048,North,Household,Floor Cleaner,6,344.08,0.05,1961.25,1536.14,425.11
2025-05-24 07:01:33.077564638,CUST1028,Central,Grocery,Wheat Flour,3,295.73,0.0,887.2,557.31,329.89
2025-05-24 14:18:42.935779816,CUST1161,Central,Personal Care,Toothpaste,7,287.35,0.0,2011.44,1484.98,526.46
2025-05-24 21:35:52.793994996,CUST1173,Central,Household,Tissue,8,249.78,0.1,1798.45,1120.29,678.15
2025-05-25 04:53:02.652210176,CUST1153,North,Beverages,Mineral Water,6,100.22,0.1,541.19,408.54,132.65
2025-05-25 12:10:12.510425354,CUST1104,North,Household,Tissue,3,236.69,0.1,639.07,425.26,213.81
2025-05-25 19:27:22.368640534,CUST1128,South,Grocery,Wheat Flour,10,161.73,0.0,1617.27,1161.93,455.34
2025-05-26 02:44:32.226855714,CUST1004,South,Snacks,Namkeen,8,55.64,0.1,400.62,282.32,118.29
2025-05-26 10:01:42.085070892,CUST1020,East,Grocery,Sugar,7,83.38,0.15,496.09,366.04,130.05
2025-05-26 17:18:51.943286072,CUST1070,East,Personal Care,Face Wash,2,190.79,0.05,362.51,297.95,64.56
2025-05-27 00:36:01.801501252,CUST1016,West,Snacks,Chips,3,41.95,0.0,125.86,86.98,38.88
2025-05-27 07:53:11.659716430,CUST1061,East,Grocery,Pulses,4,194.71,0.0,778.85,604.42,174.43
2025-05-27 15:10:21.517931610,CUST1059,Central,Snacks,Biscuits,6,126.38,0.1,682.45,487.51,194.94
2025-05-27 22:27:31.376146790,CUST1110,South,Grocery,Rice,5,136.09,0.0,680.46,427.07,253.39
2025-05-28 05:44:41.234361968,CUST1140,East,Household,Dishwash,9,286.02,0.0,2574.15,1765.91,808.25
2025-05-28 13:01:51.092577148,CUST1075,West,Beverages,Mineral Water,2,27.79,0.05,52.81,42.06,10.75
2025-05-28 20:19:00.950792328,CUST1167,West,Beverages,Soft Drink,3,29.26,0.05,83.39,54.88,28.51
2025-05-29 03:36:10.809007506,CUST1004,West,Personal Care,Soap,7,76.02,0.0,532.13,373.5,158.62
2025-05-29 10:53:20.667222686,CUST1140,West,Snacks,Biscuits,6,56.31,0.1,304.1,189.21,114.89
2025-05-29 18:10:30.525437866,CUST1115,East,Snacks,Chips,1,35.12,0.1,31.61,25.08,6.53
2025-05-30 01:27:40.383653044,CUST1151,Central,Grocery,Pulses,5,40.9,0.15,173.81,131.12,42.69
2025-05-30 08:44:50.241868224,CUST1132,East,Household,Floor Cleaner,5,65.37,0.0,326.84,211.51,115.33
2025-05-30 16:02:00.100083402,CUST1053,South,Household,Dishwash,4,107.11,0.0,428.46,275.62,152.84
2025-05-30 23:19:09.958298582,CUST1124,East,Household,Floor Cleaner,7,102.35,0.0,716.45,577.09,139.35
2025-05-31 06:36:19.816513762,CUST1039,East,Beverages,Mineral Water,3,89.35,0.0,268.05,199.03,69.02
2025-05-31 13:53:29.674728940,CUST1105,South,Grocery,Cooking Oil,3,294.03,0.1,793.88,519.56,274.32
2025-05-31 21:10:39.532944120,CUST1097,West,Household,Floor Cleaner,9,338.48,0.05,2894.04,2190.28,703.75
2025-06-01 04:27:49.391159300,CUST1098,North,Snacks,Cookies,4,46.98,0.0,187.91,156.46,31.45
2025-06-01 11:44:59.249374478,CUST1165,East,Grocery,Sugar,10,192.41,0.0,1924.08,1432.35,491.73
2025-06-01 19:02:09.107589658,CUST1149,South,Grocery,Wheat Flour,1,371.61,0.0,371.61,306.71,64.9
2025-06-02 02:19:18.965804838,CUST1177,North,Snacks,Chips,11,77.5,0.05,809.91,657.43,152.48
2025-06-02 09:36:28.824020016,CUST1077,West,Household,Tissue,10,188.21,0.0,1882.14,1269.39,612.74
2025-06-02 16:53:38.682235196,CUST1106,South,Snacks,Namkeen,7,54.87,0.0,384.11,250.72,133.39
2025-06-03 00:10:48.540450376,CUST1155,North,Snacks,Biscuits,7,130.3,0.05,866.51,586.21,280.3
2025-06-03 07:27:58.398665554,CUST1141,West,Household,Tissue,1,334.33,0.0,334.33,215.1,119.23
2025-06-03 14:45:08.256880734,CUST1052,East,Personal Care,Toothpaste,7,231.8,0.05,1541.46,985.6,555.86
2025-06-03 22:02:18.115095914,CUST1136,Central,Snacks,Biscuits,1,134.72,0.0,134.72,109.86,24.86
2025-06-04 05:19:27.973311092,CUST1146,South,Grocery,Cooking Oil,5,184.41,0.0,922.07,757.38,164.69
2025-06-04 12:36:37.831526272,CUST1092,East,Household,Tissue,2,332.38,0.1,598.29,438.75,159.54
2025-06-04 19:53:47.689741452,CUST1162,East,Personal Care,Soap,4,101.89,0.0,407.55,265.59,141.96
2025-06-05 03:10:57.547956630,CUST1166,West,Snacks,Biscuits,5,61.64,0.05,292.78,207.66,85.12
2025-06-05 10:28:07.406171810,CUST1177,West,Beverages,Juice,3,171.97,0.0,515.91,349.53,166.38
2025-06-05 17:45:17.264386990,CUST1064,East,Personal Care,Shampoo,13,178.12,0.05,2199.79,1668.7,531.09
2025-06-06 01:02:27.122602168,CUST1021,Central,Household,Floor Cleaner,4,261.8,0.0,1047.18,738.8,308.39
2025-06-06 08:19:36.980817348,CUST1141,East,Household,Dishwash,5,247.52,0.0,1237.6,919.68,317.92
2025-06-06 15:36:46.839032528,CUST1103,West,Personal Care,Soap,2,259.01,0.15,440.32,288.08,152.24
2025-06-06 22:53:56.697247706,CUST1061,South,Grocery,Wheat Flour,5,339.21,0.0,1696.03,1094.64,601.39
2025-06-07 06:11:06.555462886,CUST1153,North,Grocery,Sugar,6,404.19,0.15,2061.38,1399.86,661.51
2025-06-07 13:28:16.413678066,CUST1110,Central,Snacks,Namkeen,9,58.3,0.0,524.69,389.25,135.44
2025-06-07 20:45:26.271893244,CUST1089,South,Grocery,Wheat Flour,2,172.65,0.05,328.03,243.8,84.23
2025-06-08 04:02:36.130108424,CUST1066,West,Snacks,Chocolate,1,27.8,0.0,27.8,21.29,6.51
2025-06-08 11:19:45.988323604,CUST1094,East,Snacks,Biscuits,4,122.77,0.0,491.07,396.77,94.3
2025-06-08 18:36:55.846538782,CUST1100,West,Grocery,Cooking Oil,6,258.73,0.0,1552.36,1006.54,545.82
2025-06-09 01:54:05.704753962,CUST1051,Central,Beverages,Soft Drink,4,30.63,0.0,122.53,89.49,33.04
2025-06-09 09:11:15.562969142,CUST1146,North,Snacks,Namkeen,12,92.26,0.0,1107.16,848.6,258.56
2025-06-09 16:28:25.421184320,CUST1063,East,Snacks,Biscuits,6,78.47,0.0,470.85,384.61,86.24
2025-06-09 23:45:35.279399500,CUST1071,South,Beverages,Juice,2,55.69,0.05,105.81,77.74,28.08
2025-06-10 07:02:45.137614680,CUST1082,North,Personal Care,Soap,8,271.78,0.0,2174.24,1704.12,470.12
2025-06-10 14:19:54.995829858,CUST1065,North,Grocery,Rice,10,380.56,0.0,3805.61,2578.02,1227.59
2025-06-10 21:37:04.854045038,CUST1142,West,Personal Care,Toothpaste,7,128.2,0.0,897.42,712.4,185.02
2025-06-11 04:54:14.712260218,CUST1049,North,Personal Care,Shampoo,9,232.53,0.0,2092.77,1509.01,583.77
2025-06-11 12:11:24.570475396,CUST1134,East,Household,Garbage Bags,12,115.48,0.0,1385.78,863.02,522.76
2025-06-11 19:28:34.428690576,CUST1020,West,Personal Care,Face Wash,10,243.44,0.0,2434.45,1968.76,465.69
2025-06-12 02:45:44.286905754,CUST1058,East,Grocery,Rice,6,103.55,0.0,621.32,404.74,216.58
2025-06-12 10:02:54.145120934,CUST1071,West,Personal Care,Toothpaste,5,143.09,0.05,679.69,466.91,212.78
2025-06-12 17:20:04.003336114,CUST1062,Central,Beverages,Tea,11,97.11,0.0,1068.18,890.81,177.37
2025-06-13 00:37:13.861551292,CUST1029,South,Snacks,Chocolate,7,102.69,0.0,718.86,562.21,156.64
2025-06-13 07:54:23.719766472,CUST1033,South,Snacks,Chips,4,55.67,0.1,200.42,162.27,38.16
2025-06-13 15:11:33.577981652,CUST1139,West,Beverages,Coffee,2,69.26,0.0,138.53,87.63,50.9
2025-06-13 22:28:43.436196830,CUST1145,East,Grocery,Sugar,1,363.24,0.0,363.24,233.18,130.06
2025-06-14 05:45:53.294412010,CUST1130,South,Personal Care,Soap,3,247.04,0.05,704.07,552.34,151.73
2025-06-14 13:03:03.152627190,CUST1166,East,Snacks,Chocolate,5,70.39,0.0,351.96,248.43,103.52
2025-06-14 20:20:13.010842368,CUST1063,Central,Personal Care,Toothpaste,4,281.84,0.05,1071.01,668.6,402.41
2025-06-15 03:37:22.869057548,CUST1013,North,Snacks,Biscuits,1,138.17,0.0,138.17,94.89,43.28
2025-06-15 10:54:32.727272728,CUST1156,Central,Grocery,Rice,5,294.2,0.0,1471.0,1160.81,310.19
2025-06-15 18:11:42.585487906,CUST1075,Central,Personal Care,Soap,8,283.22,0.1,2039.15,1480.89,558.26
2025-06-16 01:28:52.443703086,CUST1136,East,Snacks,Cookies,4,20.48,0.0,81.9,54.37,27.53
2025-06-16 08:46:02.301918266,CUST1110,East,Grocery,Rice,8,368.48,0.1,2653.04,2023.36,629.67
2025-06-16 16:03:12.160133444,CUST1076,North,Personal Care,Detergent Bar,6,184.96,0.0,1109.76,786.45,323.31
2025-06-16 23:20:22.018348624,CUST1010,Central,Personal Care,Shampoo,9,286.12,0.0,2575.08,2030.68,544.41
2025-06-17 06:37:31.876563804,CUST1043,West,Personal Care,Soap,4,223.39,0.05,848.87,571.67,277.2
2025-06-17 13:54:41.734778982,CUST1076,South,Grocery,Cooking Oil,5,302.92,0.0,1514.59,1261.92,252.68
2025-06-17 21:11:51.592994162,CUST1052,North,Grocery,Rice,4,71.01,0.0,284.03,199.78,84.25
2025-06-18 04:29:01.451209342,CUST1116,Central,Personal Care,Detergent Bar,11,267.51,0.1,2648.38,1856.98,791.4
2025-06-18 11:46:11.309424520,CUST1093,East,Grocery,Sugar,16,181.7,0.05,2761.9,1925.44,836.47
2025-06-18 19:03:21.167639700,CUST1013,West,Household,Tissue,9,262.74,0.0,2364.64,1485.03,879.62
2025-06-19 02:20:31.025854880,CUST1128,North,Grocery,Cooking Oil,9,392.09,0.05,3352.36,2080.61,1271.75
2025-06-19 09:37:40.884070058,CUST1149,North,Grocery,Cooking Oil,2,226.23,0.1,407.21,276.3,130.91
2025-06-19 16:54:50.742285238,CUST1178,North,Snacks,Biscuits,13,134.17,0.0,1744.25,1269.64,474.61
2025-06-20 00:12:00.600500418,CUST1072,South,Beverages,Tea,3,27.35,0.0,82.06,56.97,25.08
2025-06-20 07:29:10.458715596,CUST1081,West,Grocery,Wheat Flour,3,295.5,0.05,842.18,625.3,216.88
2025-06-20 14:46:20.316930776,CUST1128,West,Beverages,Juice,2,116.47,0.15,198.0,143.75,54.24
2025-06-20 22:03:30.175145956,CUST1079,South,Beverages,Juice,2,67.69,0.15,115.08,76.19,38.89
2025-06-21 05:20:40.033361134,CUST1068,North,Personal Care,Shampoo,2,143.13,0.0,286.26,234.67,51.59
2025-06-21 12:37:49.891576314,CUST1107,South,Grocery,Pulses,9,258.95,0.0,2330.59,1611.35,719.24
2025-06-21 19:54:59.749791494,CUST1131,East,Grocery,Wheat Flour,6,256.13,0.15,1306.26,1021.47,284.8
2025-06-22 03:12:09.608006672,CUST1079,East,Grocery,Cooking Oil,6,405.39,0.0,2432.35,1658.17,774.18
2025-06-22 10:29:19.466221852,CUST1078,West,Snacks,Chocolate,3,132.39,0.05,377.31,285.75,91.57
2025-06-22 17:46:29.324437032,CUST1017,West,Grocery,Pulses,10,347.39,0.0,3473.88,2537.03,936.84
2025-06-23 01:03:39.182652210,CUST1027,North,Beverages,Mineral Water,5,99.09,0.0,495.45,406.86,88.59
2025-06-23 08:20:49.040867390,CUST1078,North,Personal Care,Soap,7,286.04,0.0,2002.25,1469.75,532.5
2025-06-23 15:37:58.899082568,CUST1038,North,Household,Garbage Bags,3,101.23,0.0,303.69,222.3,81.39
2025-06-23 22:55:08.757297748,CUST1018,East,Snacks,Namkeen,5,145.84,0.0,729.18,543.45,185.73
2025-06-24 06:12:18.615512928,CUST1002,West,Grocery,Pulses,4,156.72,0.0,626.89,492.61,134.27
2025-06-24 13:29:28.473728106,CUST1056,South,Snacks,Namkeen,26,128.32,0.0,3336.25,2254.93,1081.32
2025-06-24 20:46:38.331943286,CUST1128,South,Personal Care,Face Wash,1,121.59,0.0,121.59,76.69,44.91
2025-06-25 04:03:48.190158466,CUST1057,North,Beverages,Juice,2,127.15,0.0,254.3,203.81,50.49
2025-06-25 11:20:58.048373644,CUST1049,East,Household,Dishwash,17,197.83,0.0,3363.18,2808.99,554.19
2025-06-25 18:38:07.906588824,CUST1170,North,Snacks,Cookies,1,53.37,0.0,53.37,34.87,18.5
2025-06-26 01:55:17.764804004,CUST1089,West,Beverages,Juice,10,31.09,0.0,310.9,229.15,81.75
2025-06-26 09:12:27.623019182,CUST1080,West,Personal Care,Toothpaste,3,263.33,0.0,789.99,551.03,238.97
2025-06-26 16:29:37.481234362,CUST1150,Central,Grocery,Rice,3,427.06,0.0,1281.17,922.56,358.61
2025-06-26 23:46:47.339449542,CUST1063,West,Personal Care,Toothpaste,18,214.88,0.05,3674.43,2848.85,825.58
2025-06-27 07:03:57.197664720,CUST1106,West,Beverages,Juice,9,138.41,0.0,1245.69,962.54,283.15
2025-06-27 14:21:07.055879900,CUST1002,South,Grocery,Wheat Flour,2,188.73,0.05,358.6,288.7,69.89
2025-06-27 21:38:16.914095080,CUST1107,East,Snacks,Biscuits,2,113.83,0.05,216.28,160.74,55.54
2025-06-28 04:55:26.772310258,CUST1057,North,Grocery,Wheat Flour,2,323.15,0.05,613.99,511.79,102.2
2025-06-28 12:12:36.630525438,CUST1010,Central,Grocery,Cooking Oil,9,144.2,0.0,1297.8,829.17,468.64
2025-06-28 19:29:46.488740618,CUST1059,West,Grocery,Cooking Oil,2,81.25,0.0,162.51,107.67,54.84
2025-06-29 02:46:56.346955796,CUST1150,East,Household,Laundry Detergent,1,72.54,0.0,72.54,55.27,17.28
2025-06-29 10:04:06.205170976,CUST1061,East,Household,Dishwash,9,311.4,0.15,2382.21,1795.49,586.72
2025-06-29 17:21:16.063386156,CUST1029,Central,Household,Dishwash,1,245.24,0.05,232.97,161.57,71.4
2025-06-30 00:38:25.921601334,CUST1109,Central,Grocery,Rice,15,97.47,0.05,1388.92,885.9,503.02
2025-06-30 07:55:35.779816514,CUST1096,Central,Personal Care,Soap,9,262.57,0.0,2363.1,1606.38,756.72
2025-06-30 15:12:45.638031694,CUST1020,Central,Grocery,Pulses,6,153.26,0.1,827.59,615.34,212.26
2025-06-30 22:29:55.496246872,CUST1179,South,Snacks,Chips,1,51.1,0.0,51.1,37.37,13.73
2025-07-01 05:47:05.354462052,CUST1085,West,Beverages,Soft Drink,2,67.2,0.0,134.39,97.88,36.51
2025-07-01 13:04:15.212677232,CUST1094,West,Household,Garbage Bags,10,100.05,0.0,1000.49,791.88,208.61
2025-07-01 20:21:25.070892410,CUST1110,East,Personal Care,Toothpaste,5,178.78,0.05,849.22,680.0,169.22
2025-07-02 03:38:34.929107590,CUST1014,North,Snacks,Biscuits,26,128.19,0.0,3332.97,2764.05,568.91
2025-07-02 10:55:44.787322770,CUST1008,South,Personal Care,Detergent Bar,15,35.34,0.0,530.11,407.4,122.7
2025-07-02 18:12:54.645537948,CUST1131,South,Household,Dishwash,8,85.27,0.15,579.82,386.2,193.62
2025-07-03 01:30:04.503753128,CUST1078,East,Household,Garbage Bags,2,281.47,0.1,506.65,403.93,102.72
2025-07-03 08:47:14.361968308,CUST1005,West,Grocery,Rice,3,233.88,0.15,596.4,394.63,201.77
2025-07-03 16:04:24.220183486,CUST1142,East,Grocery,Sugar,12,99.68,0.0,1196.19,974.9,221.29
2025-07-03 23:21:34.078398666,CUST1118,West,Grocery,Wheat Flour,2,63.1,0.0,126.19,82.81,43.38
2025-07-04 06:38:43.936613846,CUST1123,Central,Snacks,Chocolate,3,117.81,0.05,335.77,243.41,92.36
2025-07-04 13:55:53.794829024,CUST1171,South,Grocery,Rice,6,52.89,0.0,317.36,219.26,98.1
2025-07-04 21:13:03.653044204,CUST1082,East,Snacks,Chips,5,42.42,0.05,201.49,147.05,54.43
2025-07-05 04:30:13.511259384,CUST1115,Central,Grocery,Cooking Oil,9,383.51,0.1,3106.47,2389.46,717.01
2025-07-05 11:47:23.369474562,CUST1095,North,Personal Care,Detergent Bar,10,245.88,0.0,2458.83,1783.87,674.96
2025-07-05 19:04:33.227689742,CUST1124,East,Grocery,Cooking Oil,2,278.56,0.05,529.27,334.52,194.76
2025-07-06 02:21:43.085904920,CUST1090,East,Grocery,Pulses,15,370.66,0.1,5003.96,3723.2,1280.76
2025-07-06 09:38:52.944120100,CUST1164,North,Personal Care,Detergent Bar,3,193.85,0.05,552.47,379.32,173.15
2025-07-06 16:56:02.802335280,CUST1119,East,Beverages,Juice,4,65.62,0.05,249.34,159.4,89.94
2025-07-07 00:13:12.660550458,CUST1029,Central,Personal Care,Soap,2,206.73,0.0,413.46,334.38,79.08
2025-07-07 07:30:22.518765638,CUST1046,Central,Beverages,Coffee,11,95.6,0.1,946.47,688.68,257.79
2025-07-07 14:47:32.376980818,CUST1057,West,Grocery,Rice,3,148.08,0.0,444.23,359.07,85.17
2025-07-07 22:04:42.235195996,CUST1124,South,Grocery,Rice,9,48.57,0.0,437.16,320.66,116.5
2025-07-08 05:21:52.093411176,CUST1011,Central,Household,Garbage Bags,7,217.02,0.1,1367.22,1127.29,239.94
2025-07-08 12:39:01.951626356,CUST1013,East,Beverages,Juice,1,95.63,0.1,86.06,64.12,21.94
2025-07-08 19:56:11.809841534,CUST1040,East,Grocery,Pulses,4,381.19,0.05,1448.51,1149.91,298.6
2025-07-09 03:13:21.668056714,CUST1108,South,Snacks,Chips,1,57.68,0.0,57.68,40.52,17.17
2025-07-09 10:30:31.526271894,CUST1114,West,Beverages,Juice,14,155.08,0.0,2171.08,1605.71,565.37
2025-07-09 17:47:41.384487072,CUST1155,East,Grocery,Rice,19,82.91,0.0,1575.31,1028.85,546.46
2025-07-10 01:04:51.242702252,CUST1077,West,Beverages,Soft Drink,1,101.02,0.0,101.02,68.61,32.41
2025-07-10 08:22:01.100917432,CUST1157,South,Grocery,Pulses,6,241.81,0.0,1450.85,977.67,473.19
2025-07-10 15:39:10.959132610,CUST1114,East,Grocery,Sugar,4,84.31,0.0,337.25,256.09,81.15
2025-07-10 22:56:20.817347790,CUST1024,South,Snacks,Biscuits,6,77.86,0.15,397.11,323.86,73.25
2025-07-11 06:13:30.675562970,CUST1135,South,Snacks,Biscuits,3,101.24,0.0,303.73,251.8,51.92
2025-07-11 13:30:40.533778148,CUST1154,Central,Snacks,Namkeen,9,136.73,0.05,1169.01,880.16,288.85
2025-07-11 20:47:50.391993328,CUST1127,Central,Household,Laundry Detergent,2,173.24,0.0,346.49,235.44,111.04
2025-07-12 04:05:00.250208508,CUST1011,South,Grocery,Sugar,1,172.46,0.05,163.84,134.5,29.34
2025-07-12 11:22:10.108423686,CUST1154,North,Snacks,Chips,3,138.1,0.05,393.58,252.31,141.27
2025-07-12 18:39:19.966638866,CUST1134,South,Beverages,Juice,2,155.11,0.05,294.71,232.79,61.92
2025-07-13 01:56:29.824854046,CUST1071,East,Personal Care,Shampoo,9,95.97,0.1,777.38,520.9,256.47
2025-07-13 09:13:39.683069224,CUST1114,South,Beverages,Coffee,12,145.47,0.0,1745.6,1257.75,487.85
2025-07-13 16:30:49.541284404,CUST1063,West,Personal Care,Detergent Bar,3,223.41,0.0,670.24,519.63,150.61
2025-07-13 23:47:59.399499584,CUST1105,South,Snacks,Chocolate,1,102.13,0.0,102.13,85.02,17.11
2025-07-14 07:05:09.257714762,CUST1098,West,Snacks,Biscuits,2,36.89,0.0,73.77,50.32,23.45
2025-07-14 14:22:19.115929942,CUST1068,Central,Snacks,Chips,1,108.8,0.05,103.36,65.27,38.09
2025-07-14 21:39:28.974145122,CUST1076,North,Beverages,Mineral Water,5,165.32,0.05,785.29,627.9,157.4
2025-07-15 04:56:38.832360300,CUST1073,West,Grocery,Cooking Oil,1,320.76,0.0,320.76,251.11,69.65
2025-07-15 12:13:48.690575480,CUST1121,Central,Household,Dishwash,4,151.44,0.0,605.77,410.53,195.23
2025-07-15 19:30:58.548790660,CUST1125,South,Grocery,Wheat Flour,8,193.18,0.0,1545.43,1056.04,489.38
2025-07-16 02:48:08.407005838,CUST1132,East,Beverages,Coffee,13,28.44,0.0,369.74,272.69,97.05
2025-07-16 10:05:18.265221018,CUST1103,East,Household,Laundry Detergent,8,176.19,0.0,1409.51,990.59,418.92
2025-07-16 17:22:28.123436198,CUST1051,East,Grocery,Pulses,2,374.57,0.0,749.15,503.37,245.78
2025-07-17 00:39:37.981651376,CUST1031,West,Grocery,Rice,4,131.77,0.0,527.06,365.08,161.98
2025-07-17 07:56:47.839866556,CUST1134,East,Grocery,Wheat Flour,9,124.99,0.05,1068.63,678.04,390.59
2025-07-17 15:13:57.698081734,CUST1157,West,Beverages,Coffee,4,171.76,0.15,583.99,481.11,102.87
2025-07-17 22:31:07.556296914,CUST1015,North,Personal Care,Detergent Bar,2,281.11,0.0,562.23,379.4,182.82
2025-07-18 05:48:17.414512094,CUST1059,Central,Grocery,Rice,2,255.31,0.0,510.62,378.14,132.47
2025-07-18 13:05:27.272727272,CUST1131,East,Grocery,Wheat Flour,4,174.51,0.0,698.03,535.33,162.7
2025-07-18 20:22:37.130942452,CUST1126,East,Personal Care,Detergent Bar,8,82.88,0.0,663.0,441.72,221.29
2025-07-19 03:39:46.989157632,CUST1029,South,Personal Care,Detergent Bar,10,251.15,0.1,2260.36,1647.46,612.91
2025-07-19 10:56:56.847372810,CUST1139,Central,Household,Tissue,5,312.07,0.0,1560.33,1169.18,391.15
2025-07-19 18:14:06.705587990,CUST1099,Central,Beverages,Coffee,15,94.31,0.0,1414.65,1137.38,277.26
2025-07-20 01:31:16.563803170,CUST1123,South,Snacks,Chips,17,119.35,0.05,1927.55,1456.5,471.05
2025-07-20 08:48:26.422018348,CUST1094,Central,Snacks,Chips,1,84.35,0.0,84.35,60.48,23.86
2025-07-20 16:05:36.280233528,CUST1004,East,Household,Tissue,2,88.01,0.05,167.23,118.34,48.89
2025-07-20 23:22:46.138448708,CUST1108,Central,Beverages,Mineral Water,8,97.5,0.0,780.02,563.9,216.12
2025-07-21 06:39:55.996663886,CUST1024,North,Household,Laundry Detergent,7,317.65,0.0,2223.52,1636.77,586.75
2025-07-21 13:57:05.854879066,CUST1099,South,Beverages,Mineral Water,15,120.84,0.0,1812.66,1420.36,392.3
2025-07-21 21:14:15.713094246,CUST1159,West,Beverages,Coffee,6,49.89,0.0,299.36,240.25,59.12
2025-07-22 04:31:25.571309424,CUST1152,Central,Personal Care,Detergent Bar,10,224.65,0.05,2134.18,1600.08,534.1
2025-07-22 11:48:35.429524604,CUST1129,West,Snacks,Chips,1,128.22,0.0,128.22,79.54,48.68
2025-07-22 19:05:45.287739784,CUST1111,East,Household,Laundry Detergent,2,221.55,0.0,443.1,296.95,146.15
2025-07-23 02:22:55.145954962,CUST1028,Central,Personal Care,Toothpaste,5,223.88,0.0,1119.4,816.47,302.93
2025-07-23 09:40:05.004170142,CUST1080,South,Beverages,Soft Drink,3,109.15,0.15,278.34,191.54,86.8
2025-07-23 16:57:14.862385322,CUST1173,North,Personal Care,Soap,6,205.35,0.15,1047.29,725.35,321.94
2025-07-24 00:14:24.720600500,CUST1022,North,Snacks,Namkeen,10,27.25,0.05,258.85,199.05,59.8
2025-07-24 07:31:34.578815680,CUST1122,West,Personal Care,Face Wash,1,225.96,0.0,225.96,165.64,60.32
2025-07-24 14:48:44.437030860,CUST1079,South,Grocery,Pulses,5,116.19,0.0,580.96,414.45,166.51
2025-07-24 22:05:54.295246038,CUST1170,Central,Personal Care,Toothpaste,2,111.3,0.05,211.47,164.27,47.21
2025-07-25 05:23:04.153461218,CUST1159,Central,Grocery,Pulses,12,214.0,0.0,2567.99,2033.59,534.4
2025-07-25 12:40:14.011676398,CUST1097,West,Snacks,Cookies,5,39.78,0.15,169.08,132.13,36.94
2025-07-25 19:57:23.869891576,CUST1015,South,Personal Care,Toothpaste,1,291.88,0.0,291.88,185.2,106.68
2025-07-26 03:14:33.728106756,CUST1135,Central,Personal Care,Shampoo,10,272.82,0.1,2455.34,1784.45,670.89
2025-07-26 10:31:43.586321936,CUST1108,Central,Household,Garbage Bags,2,349.79,0.0,699.59,484.35,215.24
2025-07-26 17:48:53.444537114,CUST1069,East,Grocery,Cooking Oil,3,355.05,0.1,958.64,755.23,203.41
2025-07-27 01:06:03.302752294,CUST1026,South,Household,Laundry Detergent,8,170.81,0.0,1366.51,996.68,369.83
2025-07-27 08:23:13.160967474,CUST1058,East,Household,Dishwash,14,175.44,0.1,2210.54,1853.53,357.01
2025-07-27 15:40:23.019182652,CUST1089,West,Grocery,Cooking Oil,5,81.91,0.1,368.6,293.39,75.21
2025-07-27 22:57:32.877397832,CUST1143,East,Grocery,Sugar,15,138.43,0.05,1972.69,1634.08,338.62
2025-07-28 06:14:42.735613012,CUST1044,East,Snacks,Namkeen,1,59.78,0.0,59.78,45.63,14.15
2025-07-28 13:31:52.593828192,CUST1134,East,Household,Tissue,1,96.73,0.1,87.05,62.28,24.77
2025-07-28 20:49:02.452043368,CUST1081,West,Grocery,Cooking Oil,5,130.64,0.0,653.21,490.34,162.87
2025-07-29 04:06:12.310258548,CUST1039,South,Beverages,Juice,5,161.66,0.05,767.88,528.36,239.52
2025-07-29 11:23:22.168473728,CUST1010,North,Snacks,Chips,1,145.17,0.05,137.91,113.66,24.25
2025-07-29 18:40:32.026688908,CUST1117,East,Snacks,Chocolate,9,28.81,0.0,259.32,198.67,60.65
2025-07-30 01:57:41.884904088,CUST1091,South,Household,Dishwash,11,114.12,0.05,1192.58,850.82,341.76
2025-07-30 09:14:51.743119268,CUST1015,South,Grocery,Cooking Oil,11,442.65,0.05,4625.71,3294.09,1331.62
2025-07-30 16:32:01.601334444,CUST1067,West,Personal Care,Detergent Bar,1,87.07,0.0,87.07,72.33,14.74
2025-07-30 23:49:11.459549624,CUST1165,Central,Beverages,Tea,5,42.6,0.05,202.36,128.59,73.78
2025-07-31 07:06:21.317764804,CUST1172,South,Grocery,Rice,3,268.06,0.0,804.17,635.32,168.85
2025-07-31 14:23:31.175979984,CUST1005,North,Personal Care,Detergent Bar,3,166.39,0.0,499.18,382.87,116.31
2025-07-31 21:40:41.034195164,CUST1050,West,Snacks,Chips,3,36.45,0.0,109.35,79.37,29.99
2025-08-01 04:57:50.892410344,CUST1020,Central,Beverages,Mineral Water,15,128.33,0.05,1828.63,1252.15,576.49
2025-08-01 12:15:00.750625520,CUST1053,East,Personal Care,Toothpaste,8,145.42,0.0,1163.39,936.79,226.6
2025-08-01 19:32:10.608840700,CUST1141,South,Beverages,Soft Drink,1,128.33,0.05,121.91,85.03,36.88
2025-08-02 02:49:20.467055880,CUST1046,Central,Snacks,Cookies,6,139.61,0.05,795.8,577.76,218.05
2025-08-02 10:06:30.325271060,CUST1072,East,Grocery,Cooking Oil,6,226.23,0.05,1289.53,1035.74,253.79
2025-08-02 17:23:40.183486240,CUST1141,North,Beverages,Mineral Water,8,25.68,0.0,205.41,144.23,61.17
2025-08-03 00:40:50.041701420,CUST1162,East,Household,Dishwash,4,259.44,0.0,1037.74,666.15,371.59
2025-08-03 07:57:59.899916596,CUST1030,Central,Household,Tissue,9,276.63,0.05,2365.2,1792.56,572.63
2025-08-03 15:15:09.758131776,CUST1061,West,Snacks,Biscuits,1,23.62,0.1,21.26,13.85,7.4
2025-08-03 22:32:19.616346956,CUST1103,South,Beverages,Soft Drink,7,25.92,0.0,181.43,129.29,52.14
2025-08-04 05:49:29.474562136,CUST1022,Central,Grocery,Wheat Flour,10,76.08,0.0,760.82,616.26,144.57
2025-08-04 13:06:39.332777316,CUST1087,West,Household,Garbage Bags,1,243.47,0.1,219.12,165.23,53.9
2025-08-04 20:23:49.190992492,CUST1177,West,Grocery,Sugar,8,44.77,0.05,340.29,215.97,124.31
2025-08-05 03:40:59.049207672,CUST1074,East,Snacks,Biscuits,1,109.36,0.05,103.89,82.09,21.8
2025-08-05 10:58:08.907422852,CUST1087,West,Snacks,Chocolate,3,126.34,0.0,379.01,263.37,115.64
2025-08-05 18:15:18.765638032,CUST1059,Central,Grocery,Cooking Oil,10,56.9,0.0,569.03,403.17,165.87
2025-08-06 01:32:28.623853212,CUST1051,East,Snacks,Biscuits,1,29.65,0.0,29.65,22.68,6.97
2025-08-06 08:49:38.482068392,CUST1009,Central,Household,Tissue,6,154.47,0.05,880.47,616.38,264.09
2025-08-06 16:06:48.340283568,CUST1176,West,Beverages,Mineral Water,1,133.87,0.0,133.87,95.51,38.36
2025-08-06 23:23:58.198498748,CUST1151,East,Personal Care,Shampoo,8,299.25,0.0,2394.0,1980.22,413.78
2025-08-07 06:41:08.056713928,CUST1157,Central,Household,Garbage Bags,8,159.39,0.1,1147.62,778.74,368.88
2025-08-07 13:58:17.914929108,CUST1114,East,Grocery,Sugar,9,343.72,0.0,3093.48,2237.72,855.76
2025-08-07 21:15:27.773144288,CUST1116,West,Personal Care,Shampoo,9,44.2,0.05,377.91,306.95,70.96
2025-08-08 04:32:37.631359468,CUST1070,Central,Household,Tissue,13,155.28,0.1,1816.74,1445.99,370.74
2025-08-08 11:49:47.489574644,CUST1002,Central,Snacks,Chocolate,5,81.84,0.1,368.26,298.17,70.09
2025-08-08 19:06:57.347789824,CUST1068,Central,Beverages,Tea,8,163.42,0.1,1176.59,794.2,382.39
2025-08-09 02:24:07.206005004,CUST1021,East,Personal Care,Detergent Bar,8,283.77,0.05,2156.66,1352.01,804.65
2025-08-09 09:41:17.064220184,CUST1125,South,Beverages,Tea,1,146.6,0.05,139.27,95.86,43.41
2025-08-09 16:58:26.922435364,CUST1065,Central,Grocery,Rice,2,301.55,0.1,542.79,357.09,185.7
2025-08-10 00:15:36.780650544,CUST1003,North,Grocery,Pulses,15,355.96,0.1,4805.51,2988.47,1817.03
2025-08-10 07:32:46.638865720,CUST1180,South,Grocery,Rice,7,335.57,0.1,2114.07,1318.0,796.07
2025-08-10 14:49:56.497080900,CUST1131,North,Personal Care,Toothpaste,3,144.5,0.0,433.5,352.24,81.26
2025-08-10 22:07:06.355296080,CUST1035,East,Grocery,Wheat Flour,7,139.05,0.05,924.68,638.02,286.66
2025-08-11 05:24:16.213511260,CUST1140,East,Grocery,Pulses,6,258.41,0.0,1550.47,1138.95,411.52
2025-08-11 12:41:26.071726440,CUST1114,Central,Personal Care,Shampoo,6,200.66,0.0,1203.98,856.26,347.73
2025-08-11 19:58:35.929941620,CUST1111,West,Household,Tissue,4,142.3,0.0,569.19,432.23,136.96
2025-08-12 03:15:45.788156796,CUST1011,Central,Grocery,Sugar,3,147.65,0.0,442.96,349.22,93.74
2025-08-12 10:32:55.646371976,CUST1017,West,Household,Floor Cleaner,12,265.84,0.0,3190.09,2181.58,1008.51
2025-08-12 17:50:05.504587156,CUST1141,South,Grocery,Pulses,12,423.27,0.05,4825.25,3835.82,989.43
2025-08-13 01:07:15.362802336,CUST1101,South,Snacks,Biscuits,5,31.5,0.0,157.52,109.47,48.05
2025-08-13 08:24:25.221017516,CUST1173,East,Snacks,Biscuits,1,137.54,0.05,130.67,108.25,22.42
2025-08-13 15:41:35.079232696,CUST1111,North,Grocery,Sugar,3,292.65,0.0,877.96,609.56,268.39
2025-08-13 22:58:44.937447872,CUST1131,South,Beverages,Mineral Water,4,116.49,0.1,419.35,303.55,115.8
2025-08-14 06:15:54.795663052,CUST1156,Central,Grocery,Sugar,2,394.2,0.1,709.56,471.41,238.15
2025-08-14 13:33:04.653878232,CUST1066,Central,Personal Care,Detergent Bar,1,222.96,0.0,222.96,177.61,45.35
2025-08-14 20:50:14.512093412,CUST1100,North,Personal Care,Detergent Bar,7,55.02,0.05,365.9,259.81,106.08
2025-08-15 04:07:24.370308592,CUST1087,North,Grocery,Rice,1,399.41,0.1,359.46,301.84,57.62
2025-08-15 11:24:34.228523772,CUST1159,South,Personal Care,Soap,11,139.87,0.1,1384.72,861.88,522.83
2025-08-15 18:41:44.086738948,CUST1016,Central,Grocery,Rice,1,104.53,0.0,104.53,78.56,25.96
2025-08-16 01:58:53.944954128,CUST1171,North,Grocery,Wheat Flour,6,204.68,0.0,1228.07,985.29,242.78
2025-08-16 09:16:03.803169308,CUST1013,West,Personal Care,Soap,7,137.24,0.0,960.68,801.09,159.59
2025-08-16 16:33:13.661384488,CUST1010,North,Household,Floor Cleaner,1,181.39,0.0,181.39,115.36,66.03
2025-08-16 23:50:23.519599668,CUST1023,Central,Household,Laundry Detergent,1,336.39,0.1,302.75,248.27,54.48
2025-08-17 07:07:33.377814844,CUST1152,West,Personal Care,Soap,12,268.27,0.0,3219.2,2075.4,1143.8
2025-08-17 14:24:43.236030024,CUST1177,South,Snacks,Cookies,4,85.42,0.05,324.61,213.35,111.26
2025-08-17 21:41:53.094245204,CUST1065,East,Grocery,Pulses,6,78.97,0.0,473.81,296.41,177.4
2025-08-18 04:59:02.952460384,CUST1172,East,Grocery,Sugar,2,295.75,0.0,591.49,408.67,182.82
2025-08-18 12:16:12.810675564,CUST1035,East,Grocery,Wheat Flour,5,405.24,0.1,1823.57,1276.3,547.27
2025-08-18 19:33:22.668890744,CUST1133,South,Beverages,Soft Drink,15,35.73,0.0,535.96,337.49,198.47
2025-08-19 02:50:32.527105920,CUST1133,South,Beverages,Soft Drink,10,138.67,0.0,1386.71,1013.75,372.96
2025-08-19 10:07:42.385321100,CUST1011,South,Snacks,Chocolate,6,100.71,0.1,543.82,385.29,158.54
2025-08-19 17:24:52.243536280,CUST1041,East,Grocery,Cooking Oil,3,178.27,0.0,534.8,396.01,138.79
2025-08-20 00:42:02.101751460,CUST1110,South,Grocery,Wheat Flour,3,226.56,0.05,645.69,500.88,144.81
2025-08-20 07:59:11.959966640,CUST1050,West,Grocery,Wheat Flour,5,203.39,0.05,966.08,763.46,202.62
2025-08-20 15:16:21.818181820,CUST1024,West,Snacks,Chips,5,146.35,0.0,731.75,480.28,251.47
2025-08-20 22:33:31.676396996,CUST1019,Central,Beverages,Soft Drink,5,84.9,0.0,424.49,299.18,125.31
2025-08-21 05:50:41.534612176,CUST1172,South,Personal Care,Shampoo,1,40.73,0.0,40.73,28.14,12.6
2025-08-21 13:07:51.392827356,CUST1175,South,Personal Care,Toothpaste,10,77.9,0.0,779.02,572.02,207.0
2025-08-21 20:25:01.251042536,CUST1093,East,Household,Floor Cleaner,5,66.88,0.0,334.41,249.93,84.49
2025-08-22 03:42:11.109257716,CUST1095,Central,Beverages,Mineral Water,6,90.76,0.05,517.32,374.97,142.35
2025-08-22 10:59:20.967472896,CUST1154,East,Grocery,Rice,5,145.14,0.0,725.71,572.43,153.28
2025-08-22 18:16:30.825688072,CUST1086,West,Household,Tissue,8,264.69,0.1,1905.77,1326.69,579.08
2025-08-23 01:33:40.683903252,CUST1025,East,Beverages,Coffee,2,90.37,0.05,171.71,109.24,62.47
2025-08-23 08:50:50.542118432,CUST1060,West,Personal Care,Face Wash,5,291.04,0.0,1455.19,961.81,493.37
2025-08-23 16:08:00.400333612,CUST1172,North,Grocery,Sugar,3,215.71,0.05,614.78,438.67,176.11
2025-08-23 23:25:10.258548792,CUST1102,West,Household,Floor Cleaner,10,244.23,0.0,2442.34,1933.13,509.21
2025-08-24 06:42:20.116763972,CUST1148,East,Grocery,Rice,6,40.79,0.1,220.28,138.74,81.54
2025-08-24 13:59:29.974979148,CUST1123,West,Beverages,Tea,3,90.31,0.15,230.3,163.01,67.29
2025-08-24 21:16:39.833194328,CUST1066,Central,Beverages,Juice,5,127.12,0.0,635.62,500.78,134.84
2025-08-25 04:33:49.691409508,CUST1025,South,Snacks,Chocolate,3,73.92,0.0,221.75,143.87,77.88
2025-08-25 11:50:59.549624688,CUST1090,West,Beverages,Coffee,4,29.97,0.05,113.88,71.16,42.72
2025-08-25 19:08:09.407839868,CUST1130,West,Grocery,Pulses,5,318.19,0.0,1590.96,1256.3,334.66
2025-08-26 02:25:19.266055048,CUST1117,North,Grocery,Wheat Flour,7,88.52,0.05,588.67,467.28,121.39
2025-08-26 09:42:29.124270224,CUST1130,Central,Grocery,Sugar,3,57.82,0.1,156.11,126.64,29.46
2025-08-26 16:59:38.982485404,CUST1092,South,Grocery,Pulses,5,370.47,0.1,1667.1,1097.63,569.47
2025-08-27 00:16:48.840700584,CUST1104,South,Snacks,Namkeen,12,84.52,0.05,963.52,719.18,244.34
2025-08-27 07:33:58.698915764,CUST1080,West,Snacks,Cookies,9,91.83,0.15,702.46,559.43,143.03
2025-08-27 14:51:08.557130944,CUST1032,East,Grocery,Wheat Flour,2,130.3,0.0,260.6,214.89,45.71
2025-08-27 22:08:18.415346124,CUST1160,Central,Household,Tissue,8,113.61,0.0,908.87,650.26,258.6
2025-08-28 05:25:28.273561300,CUST1161,South,Household,Dishwash,4,300.57,0.1,1082.05,866.84,215.21
2025-08-28 12:42:38.131776480,CUST1053,West,Grocery,Wheat Flour,18,347.18,0.0,6249.22,4223.04,2026.18
2025-08-28 19:59:47.989991660,CUST1151,Central,Grocery,Cooking Oil,4,273.35,0.0,1093.41,754.52,338.89
2025-08-29 03:16:57.848206840,CUST1075,South,Personal Care,Toothpaste,14,224.61,0.05,2987.3,1941.43,1045.87
2025-08-29 10:34:07.706422020,CUST1024,West,Household,Floor Cleaner,17,167.81,0.05,2710.17,1754.38,955.79
2025-08-29 17:51:17.564637196,CUST1124,North,Personal Care,Soap,6,154.35,0.0,926.11,741.0,185.11
2025-08-30 01:08:27.422852376,CUST1159,North,Household,Dishwash,11,102.85,0.05,1074.74,779.03,295.71
2025-08-30 08:25:37.281067556,CUST1021,South,Household,Laundry Detergent,9,54.22,0.0,488.02,328.35,159.66
2025-08-30 15:42:47.139282736,CUST1155,South,Grocery,Cooking Oil,9,341.79,0.05,2922.34,1815.28,1107.06
2025-08-30 22:59:56.997497916,CUST1125,East,Household,Dishwash,11,236.95,0.0,2606.43,1682.85,923.58
2025-08-31 06:17:06.855713096,CUST1054,South,Grocery,Sugar,3,372.06,0.0,1116.19,801.96,314.23
2025-08-31 13:34:16.713928272,CUST1054,West,Household,Garbage Bags,1,318.22,0.1,286.39,228.43,57.96
2025-08-31 20:51:26.572143452,CUST1134,North,Household,Tissue,7,154.4,0.05,1026.79,809.85,216.94
2025-09-01 04:08:36.430358632,CUST1081,South,Beverages,Soft Drink,6,100.46,0.0,602.73,413.82,188.91
2025-09-01 11:25:46.288573812,CUST1046,North,Household,Floor Cleaner,2,212.48,0.05,403.71,306.55,97.16
2025-09-01 18:42:56.146788992,CUST1107,Central,Snacks,Namkeen,1,144.56,0.05,137.33,104.59,32.74
2025-09-02 02:00:06.005004172,CUST1004,North,Grocery,Wheat Flour,8,286.3,0.0,2290.43,1439.94,850.48
2025-09-02 09:17:15.863219348,CUST1120,North,Grocery,Cooking Oil,3,158.07,0.1,426.79,348.01,78.79
2025-09-02 16:34:25.721434528,CUST1145,North,Household,Garbage Bags,6,175.12,0.0,1050.7,705.01,345.69
2025-09-02 23:51:35.579649708,CUST1094,East,Household,Tissue,7,183.64,0.1,1156.95,834.86,322.09
2025-09-03 07:08:45.437864888,CUST1039,West,Grocery,Wheat Flour,7,232.42,0.0,1626.96,1327.65,299.31
2025-09-03 14:25:55.296080068,CUST1155,East,Grocery,Cooking Oil,5,48.88,0.05,232.16,194.29,37.87
2025-09-03 21:43:05.154295248,CUST1180,North,Grocery,Wheat Flour,4,110.56,0.05,420.13,275.94,144.2
2025-09-04 05:00:15.012510424,CUST1002,North,Beverages,Coffee,5,70.19,0.1,315.88,239.69,76.18
2025-09-04 12:17:24.870725604,CUST1083,Central,Personal Care,Shampoo,17,263.04,0.05,4248.02,3176.4,1071.62
2025-09-04 19:34:34.728940784,CUST1085,North,Beverages,Tea,5,104.04,0.1,468.18,386.21,81.97
2025-09-05 02:51:44.587155964,CUST1071,North,Household,Tissue,1,312.02,0.0,312.02,240.23,71.78
2025-09-05 10:08:54.445371144,CUST1116,North,Personal Care,Toothpaste,1,294.5,0.1,265.05,192.34,72.72
2025-09-05 17:26:04.303586324,CUST1006,West,Household,Dishwash,3,250.16,0.15,637.92,495.6,142.31
2025-09-06 00:43:14.161801500,CUST1139,East,Snacks,Namkeen,9,121.73,0.0,1095.54,857.22,238.32
2025-09-06 08:00:24.020016680,CUST1048,North,Beverages,Coffee,7,165.75,0.15,986.19,672.46,313.73
2025-09-06 15:17:33.878231860,CUST1090,South,Beverages,Soft Drink,14,90.53,0.05,1204.02,1004.46,199.56
2025-09-06 22:34:43.736447040,CUST1050,West,Personal Care,Soap,1,58.59,0.0,58.59,46.46,12.13
2025-09-07 05:51:53.594662220,CUST1055,West,Beverages,Coffee,2,92.36,0.0,184.73,138.04,46.69
2025-09-07 13:09:03.452877400,CUST1035,North,Grocery,Rice,6,69.66,0.1,376.18,306.7,69.48
2025-09-07 20:26:13.311092576,CUST1014,South,Grocery,Wheat Flour,3,288.59,0.15,735.9,536.16,199.75
2025-09-08 03:43:23.169307756,CUST1085,Central,Snacks,Chips,11,105.56,0.0,1161.17,930.73,230.44
2025-09-08 11:00:33.027522936,CUST1044,North,Beverages,Juice,19,140.55,0.0,2670.51,1756.64,913.86
2025-09-08 18:17:42.885738116,CUST1109,North,Grocery,Sugar,8,202.12,0.1,1455.24,1082.46,372.78
2025-09-09 01:34:52.743953296,CUST1038,Central,Grocery,Cooking Oil,8,211.49,0.0,1691.91,1339.66,352.24
2025-09-09 08:52:02.602168472,CUST1120,East,Beverages,Soft Drink,10,70.98,0.15,603.3,461.64,141.66
2025-09-09 16:09:12.460383652,CUST1025,South,Snacks,Namkeen,6,40.02,0.05,228.13,188.87,39.26
2025-09-09 23:26:22.318598832,CUST1165,Central,Snacks,Namkeen,4,79.69,0.0,318.76,234.38,84.38
2025-09-10 06:43:32.176814012,CUST1090,North,Household,Laundry Detergent,2,291.78,0.0,583.56,453.46,130.1
2025-09-10 14:00:42.035029192,CUST1136,South,Beverages,Soft Drink,1,63.98,0.0,63.98,51.62,12.37
2025-09-10 21:17:51.893244372,CUST1059,North,Personal Care,Face Wash,2,79.13,0.05,150.36,103.08,47.28
2025-09-11 04:35:01.751459548,CUST1025,South,Grocery,Rice,2,65.47,0.0,130.94,88.48,42.47
2025-09-11 11:52:11.609674728,CUST1085,South,Grocery,Pulses,18,294.31,0.05,5032.77,4087.53,945.24
2025-09-11 19:09:21.467889908,CUST1021,North,Household,Tissue,2,169.45,0.0,338.89,269.44,69.45
2025-09-12 02:26:31.326105088,CUST1083,Central,Grocery,Wheat Flour,2,291.12,0.15,494.91,401.07,93.84
2025-09-12 09:43:41.184320268,CUST1178,West,Beverages,Juice,25,125.67,0.0,3141.85,2341.93,799.93
2025-09-12 17:00:51.042535448,CUST1098,West,Grocery,Wheat Flour,5,255.17,0.0,1275.87,920.12,355.76
2025-09-13 00:18:00.900750624,CUST1045,Central,Household,Laundry Detergent,9,347.24,0.0,3125.16,2318.38,806.78
2025-09-13 07:35:10.758965804,CUST1030,West,Beverages,Tea,2,112.28,0.0,224.56,155.76,68.8
2025-09-13 14:52:20.617180984,CUST1078,Central,Personal Care,Shampoo,3,276.48,0.0,829.45,632.64,196.81
2025-09-13 22:09:30.475396164,CUST1008,West,Household,Laundry Detergent,4,101.84,0.0,407.35,278.61,128.74
2025-09-14 05:26:40.333611344,CUST1002,West,Household,Floor Cleaner,2,235.19,0.0,470.37,323.13,147.25
2025-09-14 12:43:50.191826524,CUST1076,East,Household,Dishwash,6,208.56,0.0,1251.37,965.12,286.25
2025-09-14 20:01:00.050041700,CUST1024,South,Beverages,Soft Drink,7,153.18,0.1,965.02,690.05,274.97
2025-09-15 03:18:09.908256880,CUST1073,East,Personal Care,Shampoo,10,103.65,0.0,1036.45,747.9,288.56
2025-09-15 10:35:19.766472060,CUST1059,Central,Personal Care,Soap,10,197.75,0.0,1977.53,1433.12,544.41
2025-09-15 17:52:29.624687240,CUST1103,Central,Grocery,Rice,1,69.19,0.15,58.82,38.96,19.85
2025-09-16 01:09:39.482902420,CUST1062,Central,Personal Care,Detergent Bar,3,40.93,0.0,122.78,77.88,44.9
2025-09-16 08:26:49.341117600,CUST1132,South,Household,Floor Cleaner,3,122.77,0.0,368.32,305.35,62.97
2025-09-16 15:43:59.199332776,CUST1071,North,Personal Care,Soap,6,78.87,0.0,473.21,395.51,77.7
2025-09-16 23:01:09.057547956,CUST1106,Central,Grocery,Wheat Flour,8,126.07,0.0,1008.58,797.76,210.82
2025-09-17 06:18:18.915763136,CUST1145,South,Snacks,Chocolate,13,53.99,0.05,666.83,455.22,211.6
2025-09-17 13:35:28.773978316,CUST1154,South,Grocery,Sugar,12,207.22,0.05,2362.34,1648.39,713.94
2025-09-17 20:52:38.632193496,CUST1044,South,Snacks,Biscuits,2,135.54,0.1,243.97,160.07,83.9
2025-09-18 04:09:48.490408676,CUST1061,Central,Snacks,Chips,9,48.6,0.0,437.39,346.88,90.51
2025-09-18 11:26:58.348623852,CUST1011,South,Personal Care,Soap,5,237.37,0.0,1186.83,954.44,232.39
2025-09-18 18:44:08.206839032,CUST1117,West,Snacks,Chips,7,53.3,0.05,354.44,231.91,122.53
2025-09-19 02:01:18.065054212,CUST1117,East,Personal Care,Detergent Bar,1,169.15,0.1,152.24,122.92,29.32
2025-09-19 09:18:27.923269392,CUST1148,South,Grocery,Pulses,13,272.45,0.05,3364.73,2473.05,891.68
2025-09-19 16:35:37.781484572,CUST1019,South,Personal Care,Shampoo,6,111.08,0.05,633.18,463.72,169.45
2025-09-19 23:52:47.639699752,CUST1135,West,Beverages,Juice,5,31.0,0.0,154.98,117.3,37.68
2025-09-20 07:09:57.497914928,CUST1148,East,Personal Care,Face Wash,2,282.02,0.0,564.05,397.77,166.28
2025-09-20 14:27:07.356130108,CUST1074,South,Personal Care,Toothpaste,1,258.34,0.0,258.34,177.38,80.96
2025-09-20 21:44:17.214345288,CUST1117,Central,Grocery,Rice,8,313.87,0.0,2510.95,1914.52,596.43
2025-09-21 05:01:27.072560468,CUST1002,South,Grocery,Sugar,13,144.1,0.05,1779.69,1285.52,494.17
2025-09-21 12:18:36.930775648,CUST1168,East,Grocery,Pulses,4,83.75,0.0,335.01,229.58,105.44
2025-09-21 19:35:46.788990824,CUST1075,West,Beverages,Mineral Water,5,74.6,0.1,335.71,224.57,111.13
2025-09-22 02:52:56.647206004,CUST1077,East,Grocery,Rice,4,53.38,0.1,192.15,147.08,45.08
2025-09-22 10:10:06.505421184,CUST1164,South,Personal Care,Shampoo,9,86.57,0.1,701.25,472.82,228.43
2025-09-22 17:27:16.363636364,CUST1040,West,Beverages,Soft Drink,4,113.25,0.0,452.99,310.74,142.25
2025-09-23 00:44:26.221851544,CUST1083,East,Grocery,Wheat Flour,7,292.0,0.1,1839.62,1423.32,416.3
2025-09-23 08:01:36.080066724,CUST1107,West,Snacks,Chocolate,9,90.82,0.05,776.53,651.2,125.33
2025-09-23 15:18:45.938281900,CUST1113,West,Grocery,Wheat Flour,3,253.95,0.0,761.84,583.94,177.9
2025-09-23 22:35:55.796497080,CUST1172,West,Personal Care,Face Wash,1,39.1,0.0,39.1,27.82,11.28
2025-09-24 05:53:05.654712260,CUST1121,West,Personal Care,Detergent Bar,9,103.69,0.1,839.93,605.97,233.96
2025-09-24 13:10:15.512927440,CUST1005,South,Snacks,Biscuits,1,124.3,0.05,118.08,97.56,20.53
2025-09-24 20:27:25.371142620,CUST1172,East,Personal Care,Soap,10,114.71,0.05,1089.78,761.34,328.43
2025-09-25 03:44:35.229357800,CUST1174,North,Household,Floor Cleaner,2,295.75,0.15,502.77,348.17,154.6
2025-09-25 11:01:45.087572976,CUST1110,Central,Beverages,Juice,14,131.74,0.0,1844.32,1361.22,483.1
2025-09-25 18:18:54.945788156,CUST1074,South,Personal Care,Detergent Bar,4,229.54,0.05,872.26,642.96,229.31
2025-09-26 01:36:04.804003336,CUST1060,East,Snacks,Namkeen,17,117.99,0.0,2005.91,1407.41,598.49
2025-09-26 08:53:14.662218516,CUST1006,West,Grocery,Pulses,1,203.65,0.0,203.65,156.68,46.97
2025-09-26 16:10:24.520433696,CUST1172,East,Beverages,Coffee,6,171.01,0.05,974.73,704.97,269.77
2025-09-26 23:27:34.378648876,CUST1045,West,Household,Dishwash,8,142.95,0.1,1029.25,678.81,350.44
2025-09-27 06:44:44.236864052,CUST1076,South,Personal Care,Detergent Bar,5,200.87,0.05,954.14,635.76,318.38
2025-09-27 14:01:54.095079232,CUST1090,East,Snacks,Chips,4,103.48,0.1,372.52,296.16,76.36
2025-09-27 21:19:03.953294412,CUST1178,South,Grocery,Wheat Flour,10,102.92,0.1,926.26,640.93,285.32
2025-09-28 04:36:13.811509592,CUST1054,Central,Grocery,Pulses,1,352.17,0.0,352.17,288.97,63.2
2025-09-28 11:53:23.669724772,CUST1090,West,Grocery,Wheat Flour,4,141.98,0.0,567.94,402.28,165.66
2025-09-28 19:10:33.527939952,CUST1051,Central,Beverages,Coffee,6,66.39,0.0,398.37,302.0,96.36
2025-09-29 02:27:43.386155128,CUST1046,North,Snacks,Namkeen,18,64.64,0.0,1163.45,967.76,195.68
2025-09-29 09:44:53.244370308,CUST1115,North,Household,Dishwash,7,163.05,0.1,1027.22,698.94,328.28
2025-09-29 17:02:03.102585488,CUST1112,East,Snacks,Namkeen,15,141.25,0.0,2118.73,1576.22,542.51
2025-09-30 00:19:12.960800668,CUST1154,South,Beverages,Soft Drink,3,143.01,0.0,429.03,349.03,80.0
2025-09-30 07:36:22.819015848,CUST1135,North,Household,Floor Cleaner,6,126.21,0.0,757.26,608.49,148.77
2025-09-30 14:53:32.677231028,CUST1174,Central,Beverages,Coffee,3,110.01,0.15,280.54,182.72,97.82
2025-09-30 22:10:42.535446204,CUST1061,Central,Personal Care,Face Wash,8,129.39,0.05,983.34,734.95,248.4
2025-10-01 05:27:52.393661384,CUST1061,North,Grocery,Wheat Flour,5,221.46,0.0,1107.31,902.5,204.8
2025-10-01 12:45:02.251876564,CUST1027,East,Grocery,Wheat Flour,1,344.63,0.1,310.17,225.98,84.19
2025-10-01 20:02:12.110091744,CUST1079,East,Beverages,Tea,5,85.88,0.05,407.92,264.88,143.04
2025-10-02 03:19:21.968306924,CUST1050,South,Household,Floor Cleaner,4,344.41,0.0,1377.65,1133.5,244.15
2025-10-02 10:36:31.826522104,CUST1138,South,Personal Care,Shampoo,14,222.62,0.0,3116.72,2147.27,969.45
2025-10-02 17:53:41.684737280,CUST1150,West,Grocery,Wheat Flour,4,375.19,0.05,1425.72,1075.93,349.79
2025-10-03 01:10:51.542952460,CUST1037,South,Grocery,Wheat Flour,1,172.35,0.0,172.35,138.69,33.66
2025-10-03 08:28:01.401167640,CUST1122,West,Grocery,Rice,1,210.85,0.1,189.77,133.34,56.43
2025-10-03 15:45:11.259382820,CUST1060,West,Snacks,Cookies,6,128.07,0.05,730.01,453.85,276.16
2025-10-03 23:02:21.117598000,CUST1067,North,Snacks,Cookies,13,135.7,0.0,1764.04,1180.6,583.44
2025-10-04 06:19:30.975813176,CUST1142,West,Snacks,Namkeen,5,132.03,0.0,660.15,467.32,192.84
2025-10-04 13:36:40.834028356,CUST1055,South,Beverages,Juice,8,37.58,0.0,300.67,195.24,105.43
2025-10-04 20:53:50.692243536,CUST1102,Central,Grocery,Sugar,4,128.35,0.05,487.72,380.3,107.42
2025-10-05 04:11:00.550458716,CUST1151,North,Household,Tissue,11,278.33,0.0,3061.66,2531.6,530.07
2025-10-05 11:28:10.408673896,CUST1124,West,Beverages,Soft Drink,1,33.27,0.0,33.27,27.1,6.17
2025-10-05 18:45:20.266889076,CUST1119,Central,Household,Floor Cleaner,1,238.31,0.0,238.31,155.15,83.16
2025-10-06 02:02:30.125104252,CUST1176,North,Household,Tissue,1,151.0,0.0,151.0,112.77,38.23
2025-10-06 09:19:39.983319432,CUST1012,North,Grocery,Wheat Flour,4,411.56,0.0,1646.26,1314.07,332.19
2025-10-06 16:36:49.841534612,CUST1055,North,Beverages,Tea,2,109.97,0.1,197.95,152.3,45.65
2025-10-06 23:53:59.699749792,CUST1129,West,Snacks,Chips,5,35.97,0.0,179.85,125.1,54.74
2025-10-07 07:11:09.557964972,CUST1052,East,Grocery,Pulses,1,253.42,0.0,253.42,209.97,43.45
2025-10-07 14:28:19.416180152,CUST1072,North,Grocery,Wheat Flour,6,312.14,0.0,1872.87,1531.91,340.96
2025-10-07 21:45:29.274395328,CUST1027,Central,Personal Care,Detergent Bar,8,279.51,0.0,2236.07,1413.32,822.76
2025-10-08 05:02:39.132610508,CUST1064,South,Household,Dishwash,2,340.95,0.0,681.89,540.65,141.24
2025-10-08 12:19:48.990825688,CUST1144,South,Personal Care,Soap,3,53.91,0.0,161.74,112.48,49.26
2025-10-08 19:36:58.849040868,CUST1103,South,Grocery,Sugar,7,382.75,0.1,2411.35,1507.86,903.49
2025-10-09 02:54:08.707256048,CUST1081,South,Beverages,Juice,9,84.1,0.0,756.87,478.31,278.56
2025-10-09 10:11:18.565471228,CUST1177,Central,Beverages,Tea,4,146.17,0.05,555.45,346.96,208.48
2025-10-09 17:28:28.423686404,CUST1025,South,Grocery,Rice,1,277.27,0.05,263.41,179.67,83.74
2025-10-10 00:45:38.281901584,CUST1031,East,Personal Care,Soap,4,239.62,0.0,958.48,664.87,293.61
2025-10-10 08:02:48.140116764,CUST1097,South,Household,Laundry Detergent,5,164.63,0.05,782.01,496.85,285.16
2025-10-10 15:19:57.998331944,CUST1026,South,Grocery,Sugar,7,322.72,0.05,2146.1,1449.91,696.19
2025-10-10 22:37:07.856547124,CUST1116,Central,Household,Laundry Detergent,6,321.25,0.1,1734.75,1180.29,554.46
2025-10-11 05:54:17.714762304,CUST1050,North,Household,Garbage Bags,12,294.22,0.0,3530.59,2193.31,1337.28
2025-10-11 13:11:27.572977480,CUST1107,Central,Snacks,Cookies,14,63.24,0.0,885.42,563.45,321.97
2025-10-11 20:28:37.431192660,CUST1048,East,Household,Dishwash,4,52.5,0.0,210.02,141.28,68.74
2025-10-12 03:45:47.289407840,CUST1176,West,Household,Floor Cleaner,4,78.41,0.05,297.94,233.19,64.76
2025-10-12 11:02:57.147623020,CUST1145,North,Beverages,Tea,2,53.35,0.0,106.7,69.26,37.43
2025-10-12 18:20:07.005838200,CUST1036,Central,Grocery,Pulses,3,251.37,0.1,678.71,518.86,159.85
2025-10-13 01:37:16.864053380,CUST1094,South,Personal Care,Shampoo,4,243.54,0.15,828.05,666.25,161.8
2025-10-13 08:54:26.722268556,CUST1099,North,Household,Garbage Bags,4,344.61,0.0,1378.45,1128.48,249.97
2025-10-13 16:11:36.580483736,CUST1126,Central,Household,Garbage Bags,6,287.67,0.05,1639.69,1345.1,294.6
2025-10-13 23:28:46.438698916,CUST1180,South,Snacks,Namkeen,13,127.33,0.0,1655.28,1257.48,397.79
2025-10-14 06:45:56.296914096,CUST1017,Central,Personal Care,Detergent Bar,3,213.79,0.0,641.37,468.09,173.28
2025-10-14 14:03:06.155129276,CUST1147,East,Grocery,Sugar,7,269.89,0.0,1889.24,1338.42,550.82
2025-10-14 21:20:16.013344456,CUST1048,West,Household,Tissue,1,324.48,0.15,275.81,224.04,51.77
2025-10-15 04:37:25.871559632,CUST1055,South,Grocery,Pulses,2,170.43,0.0,340.85,275.57,65.29
2025-10-15 11:54:35.729774812,CUST1091,North,Personal Care,Soap,8,221.66,0.1,1595.97,1087.01,508.96
2025-10-15 19:11:45.587989992,CUST1110,East,Grocery,Cooking Oil,10,111.09,0.05,1055.35,658.9,396.45
2025-10-16 02:28:55.446205172,CUST1088,West,Household,Laundry Detergent,7,142.93,0.0,1000.49,740.95,259.54
2025-10-16 09:46:05.304420352,CUST1069,West,Household,Dishwash,10,302.46,0.0,3024.62,2142.32,882.3
2025-10-16 17:03:15.162635528,CUST1133,East,Beverages,Tea,2,87.24,0.0,174.47,108.9,65.57
2025-10-17 00:20:25.020850708,CUST1167,East,Grocery,Wheat Flour,7,440.83,0.0,3085.8,2357.39,728.41
2025-10-17 07:37:34.879065888,CUST1137,North,Grocery,Wheat Flour,9,396.62,0.1,3212.65,2590.92,621.73
2025-10-17 14:54:44.737281068,CUST1014,West,Snacks,Namkeen,5,111.71,0.0,558.53,408.97,149.56
2025-10-17 22:11:54.595496248,CUST1135,South,Grocery,Sugar,2,52.37,0.05,99.5,78.16,21.34
2025-10-18 05:29:04.453711428,CUST1018,East,Snacks,Namkeen,9,71.48,0.0,643.35,438.19,205.16
2025-10-18 12:46:14.311926604,CUST1115,East,Snacks,Chips,5,22.25,0.0,111.26,72.05,39.21
2025-10-18 20:03:24.170141784,CUST1151,West,Grocery,Sugar,16,440.67,0.0,7050.7,5857.16,1193.54
2025-10-19 03:20:34.028356964,CUST1117,South,Personal Care,Shampoo,17,88.4,0.0,1502.82,954.78,548.04
2025-10-19 10:37:43.886572144,CUST1036,South,Grocery,Pulses,3,140.25,0.0,420.74,341.67,79.07
2025-10-19 17:54:53.744787324,CUST1158,North,Snacks,Cookies,4,76.89,0.05,292.18,241.09,51.09
2025-10-20 01:12:03.603002504,CUST1088,South,Grocery,Wheat Flour,2,368.85,0.05,700.81,584.66,116.15
2025-10-20 08:29:13.461217680,CUST1067,North,Household,Laundry Detergent,21,278.86,0.05,5563.19,3574.73,1988.46
2025-10-20 15:46:23.319432860,CUST1070,North,Snacks,Chips,3,78.91,0.05,224.89,175.89,49.01
2025-10-20 23:03:33.177648040,CUST1164,Central,Beverages,Soft Drink,3,154.97,0.0,464.92,370.39,94.53
2025-10-21 06:20:43.035863220,CUST1172,East,Beverages,Mineral Water,2,41.17,0.1,74.11,48.94,25.17
2025-10-21 13:37:52.894078400,CUST1151,Central,Beverages,Tea,4,89.08,0.05,338.5,247.87,90.63
2025-10-21 20:55:02.752293580,CUST1136,North,Snacks,Chips,3,130.76,0.0,392.28,322.97,69.32
2025-10-22 04:12:12.610508756,CUST1175,South,Grocery,Pulses,1,292.92,0.0,292.92,213.26,79.66
2025-10-22 11:29:22.468723936,CUST1040,North,Grocery,Rice,10,109.28,0.0,1092.79,789.71,303.08
2025-10-22 18:46:32.326939116,CUST1074,West,Household,Dishwash,6,319.47,0.0,1916.81,1606.77,310.05
2025-10-23 02:03:42.185154296,CUST1065,Central,Grocery,Rice,5,400.76,0.05,1903.62,1452.7,450.91
2025-10-23 09:20:52.043369476,CUST1065,North,Snacks,Biscuits,1,147.62,0.0,147.62,116.76,30.87
2025-10-23 16:38:01.901584656,CUST1071,North,Grocery,Wheat Flour,9,273.63,0.0,2462.66,2006.18,456.48
2025-10-23 23:55:11.759799832,CUST1122,Central,Personal Care,Toothpaste,9,241.74,0.0,2175.7,1773.93,401.77
2025-10-24 07:12:21.618015012,CUST1158,East,Household,Floor Cleaner,2,336.31,0.0,672.62,463.15,209.47
2025-10-24 14:29:31.476230192,CUST1079,Central,Beverages,Juice,5,136.55,0.0,682.74,526.07,156.67
2025-10-24 21:46:41.334445372,CUST1064,East,Beverages,Mineral Water,1,163.57,0.05,155.39,98.67,56.72
2025-10-25 05:03:51.192660552,CUST1019,Central,Grocery,Wheat Flour,4,92.72,0.0,370.88,286.47,84.41
2025-10-25 12:21:01.050875732,CUST1119,East,Snacks,Cookies,6,28.72,0.0,172.31,108.8,63.52
2025-10-25 19:38:10.909090908,CUST1127,North,Household,Dishwash,7,282.45,0.0,1977.14,1501.21,475.93
2025-10-26 02:55:20.767306088,CUST1080,North,Snacks,Chips,1,129.32,0.0,129.32,88.28,41.04
2025-10-26 10:12:30.625521268,CUST1028,West,Personal Care,Detergent Bar,6,164.73,0.0,988.4,777.14,211.26
2025-10-26 17:29:40.483736448,CUST1127,South,Household,Dishwash,16,158.04,0.05,2402.14,1571.9,830.23
2025-10-27 00:46:50.341951628,CUST1175,West,Snacks,Biscuits,1,25.66,0.15,21.81,16.67,5.15
2025-10-27 08:04:00.200166804,CUST1024,Central,Grocery,Cooking Oil,9,81.46,0.15,623.18,445.93,177.25
2025-10-27 15:21:10.058381984,CUST1175,West,Grocery,Rice,17,392.1,0.0,6665.66,4599.48,2066.19
2025-10-27 22:38:19.916597164,CUST1111,West,Beverages,Coffee,1,45.05,0.0,45.05,33.65,11.4
2025-10-28 05:55:29.774812344,CUST1093,East,Grocery,Wheat Flour,13,272.69,0.05,3367.72,2733.41,634.31
2025-10-28 13:12:39.633027524,CUST1029,South,Personal Care,Toothpaste,4,181.1,0.05,688.19,529.66,158.53
2025-10-28 20:29:49.491242704,CUST1158,South,Personal Care,Detergent Bar,1,136.65,0.0,136.65,85.48,51.16
2025-10-29 03:46:59.349457880,CUST1153,Central,Grocery,Rice,1,172.61,0.1,155.34,106.54,48.81
2025-10-29 11:04:09.207673060,CUST1170,East,Household,Tissue,2,190.47,0.0,380.93,242.89,138.04
2025-10-29 18:21:19.065888240,CUST1061,East,Household,Dishwash,11,311.72,0.05,3257.52,2657.91,599.61
2025-10-30 01:38:28.924103420,CUST1077,West,Household,Tissue,5,245.98,0.0,1229.91,847.34,382.56
2025-10-30 08:55:38.782318600,CUST1026,Central,Snacks,Cookies,4,135.6,0.05,515.28,353.06,162.22
2025-10-30 16:12:48.640533780,CUST1125,East,Personal Care,Face Wash,11,210.54,0.0,2315.98,1783.89,532.09
2025-10-30 23:29:58.498748956,CUST1143,North,Grocery,Sugar,13,141.97,0.05,1753.33,1110.02,643.3
2025-10-31 06:47:08.356964136,CUST1003,East,Snacks,Namkeen,1,32.45,0.0,32.45,26.13,6.32
2025-10-31 14:04:18.215179316,CUST1112,West,Grocery,Sugar,5,333.9,0.0,1669.52,1046.65,622.86
2025-10-31 21:21:28.073394496,CUST1094,North,Snacks,Namkeen,1,98.47,0.1,88.63,60.21,28.41
2025-11-01 04:38:37.931609676,CUST1036,South,Personal Care,Soap,1,202.06,0.1,181.86,150.38,31.47
2025-11-01 11:55:47.789824856,CUST1025,Central,Grocery,Rice,23,157.63,0.0,3625.5,2386.55,1238.95
2025-11-01 19:12:57.648040032,CUST1173,South,Grocery,Pulses,3,205.65,0.0,616.96,404.99,211.96
2025-11-02 02:30:07.506255212,CUST1029,South,Beverages,Tea,1,160.79,0.0,160.79,130.19,30.6
2025-11-02 09:47:17.364470392,CUST1110,Central,Snacks,Cookies,5,132.23,0.0,661.15,538.37,122.78
2025-11-02 17:04:27.222685572,CUST1009,South,Grocery,Pulses,3,293.3,0.15,747.93,555.84,192.09
2025-11-03 00:21:37.080900752,CUST1043,South,Grocery,Pulses,1,423.72,0.05,402.54,262.05,140.49
2025-11-03 07:38:46.939115932,CUST1143,South,Beverages,Soft Drink,1,127.59,0.0,127.59,99.99,27.61
2025-11-03 14:55:56.797331108,CUST1066,East,Household,Garbage Bags,3,293.44,0.1,792.28,590.51,201.76
2025-11-03 22:13:06.655546288,CUST1094,West,Beverages,Coffee,15,25.87,0.0,388.1,287.18,100.92
2025-11-04 05:30:16.513761468,CUST1104,North,Beverages,Tea,7,33.43,0.1,210.63,140.48,70.15
2025-11-04 12:47:26.371976648,CUST1003,Central,Grocery,Sugar,7,153.42,0.1,966.52,723.97,242.55
2025-11-04 20:04:36.230191828,CUST1151,West,Household,Laundry Detergent,1,93.52,0.0,93.52,70.9,22.62
2025-11-05 03:21:46.088407008,CUST1171,East,Grocery,Rice,5,160.02,0.15,680.07,544.9,135.17
2025-11-05 10:38:55.946622184,CUST1123,East,Personal Care,Toothpaste,7,237.74,0.05,1580.99,1291.93,289.06
2025-11-05 17:56:05.804837364,CUST1023,North,Snacks,Cookies,1,122.99,0.0,122.99,80.23,42.76
2025-11-06 01:13:15.663052544,CUST1118,Central,Grocery,Cooking Oil,9,120.24,0.0,1082.13,712.23,369.89
2025-11-06 08:30:25.521267724,CUST1072,North,Beverages,Juice,1,96.06,0.15,81.65,64.75,16.9
2025-11-06 15:47:35.379482904,CUST1102,East,Household,Garbage Bags,6,88.0,0.0,527.99,366.74,161.25
2025-11-06 23:04:45.237698084,CUST1155,East,Grocery,Rice,3,253.24,0.0,759.71,568.78,190.93
2025-11-07 06:21:55.095913260,CUST1072,South,Household,Dishwash,2,237.38,0.0,474.75,325.27,149.48
2025-11-07 13:39:04.954128440,CUST1178,North,Household,Tissue,4,264.53,0.0,1058.12,755.05,303.07
2025-11-07 20:56:14.812343620,CUST1121,South,Household,Tissue,4,309.16,0.05,1174.81,876.85,297.96
2025-11-08 04:13:24.670558800,CUST1047,Central,Personal Care,Detergent Bar,7,137.71,0.0,963.94,705.04,258.89
2025-11-08 11:30:34.528773980,CUST1064,West,Grocery,Pulses,5,215.71,0.1,970.7,698.38,272.32
2025-11-08 18:47:44.386989156,CUST1105,East,Beverages,Juice,7,69.22,0.05,460.32,312.27,148.05
2025-11-09 02:04:54.245204336,CUST1079,North,Snacks,Chocolate,16,24.07,0.0,385.15,249.01,136.14
2025-11-09 09:22:04.103419516,CUST1177,North,Household,Tissue,15,220.33,0.15,2809.19,2287.65,521.54
2025-11-09 16:39:13.961634696,CUST1054,East,Grocery,Pulses,3,330.53,0.0,991.6,726.38,265.23
2025-11-09 23:56:23.819849876,CUST1014,East,Household,Dishwash,10,283.53,0.0,2835.26,2277.04,558.23
2025-11-10 07:13:33.678065056,CUST1022,East,Household,Dishwash,6,334.3,0.0,2005.77,1248.03,757.74
2025-11-10 14:30:43.536280232,CUST1048,West,Household,Floor Cleaner,7,60.85,0.0,425.92,335.62,90.3
2025-11-10 21:47:53.394495412,CUST1166,North,Household,Floor Cleaner,7,83.77,0.05,557.05,377.27,179.78
2025-11-11 05:05:03.252710592,CUST1133,West,Beverages,Tea,15,137.59,0.15,1754.21,1229.27,524.94
2025-11-11 12:22:13.110925772,CUST1039,East,Snacks,Biscuits,7,149.85,0.05,996.5,678.03,318.48
2025-11-11 19:39:22.969140952,CUST1159,West,Household,Dishwash,5,119.93,0.05,569.66,364.17,205.49
2025-11-12 02:56:32.827356132,CUST1147,South,Snacks,Cookies,11,101.3,0.1,1002.89,830.18,172.71
2025-11-12 10:13:42.685571308,CUST1099,Central,Snacks,Cookies,4,110.35,0.0,441.38,290.15,151.23
2025-11-12 17:30:52.543786488,CUST1045,Central,Grocery,Wheat Flour,3,163.58,0.0,490.75,402.41,88.34
2025-11-13 00:48:02.402001668,CUST1055,South,Grocery,Pulses,1,75.99,0.05,72.19,55.63,16.55
2025-11-13 08:05:12.260216848,CUST1069,North,Personal Care,Soap,1,259.66,0.05,246.67,154.41,92.26
2025-11-13 15:22:22.118432028,CUST1121,North,Household,Garbage Bags,5,336.4,0.05,1597.9,1180.25,417.65
2025-11-13 22:39:31.976647208,CUST1058,North,Household,Laundry Detergent,1,211.29,0.05,200.73,148.45,52.28
2025-11-14 05:56:41.834862384,CUST1057,Central,Beverages,Mineral Water,3,34.07,0.1,91.98,71.72,20.26
2025-11-14 13:13:51.693077564,CUST1177,East,Personal Care,Face Wash,10,265.01,0.0,2650.1,1682.19,967.91
2025-11-14 20:31:01.551292744,CUST1037,North,Beverages,Soft Drink,19,86.52,0.15,1397.36,913.43,483.93
2025-11-15 03:48:11.409507924,CUST1137,North,Grocery,Rice,4,135.0,0.0,539.99,360.53,179.46
2025-11-15 11:05:21.267723104,CUST1138,South,Snacks,Chips,3,106.46,0.0,319.38,267.01,52.37
2025-11-15 18:22:31.125938284,CUST1034,North,Household,Tissue,1,93.7,0.05,89.02,59.26,29.76
2025-11-16 01:39:40.984153460,CUST1125,North,Grocery,Cooking Oil,3,434.53,0.05,1238.42,951.52,286.9
2025-11-16 08:56:50.842368640,CUST1031,East,Grocery,Cooking Oil,11,382.76,0.0,4210.39,2790.73,1419.66
2025-11-16 16:14:00.700583820,CUST1023,East,Personal Care,Toothpaste,4,121.61,0.05,462.11,358.91,103.2
2025-11-16 23:31:10.558799000,CUST1162,South,Snacks,Chocolate,3,124.28,0.05,354.19,277.85,76.35
2025-11-17 06:48:20.417014180,CUST1057,North,Household,Laundry Detergent,2,268.17,0.0,536.35,343.49,192.86
2025-11-17 14:05:30.275229360,CUST1004,North,Grocery,Rice,7,261.82,0.0,1832.76,1211.53,621.23
2025-11-17 21:22:40.133444536,CUST1042,East,Snacks,Namkeen,11,93.63,0.05,978.44,702.94,275.51
2025-11-18 04:39:49.991659716,CUST1093,North,Snacks,Namkeen,2,86.29,0.05,163.94,132.53,31.41
2025-11-18 11:56:59.849874896,CUST1049,West,Beverages,Mineral Water,1,33.58,0.05,31.9,21.85,10.05
2025-11-18 19:14:09.708090076,CUST1101,Central,Snacks,Chips,8,24.62,0.0,196.97,133.28,63.7
2025-11-19 02:31:19.566305256,CUST1002,North,Beverages,Coffee,4,126.07,0.05,479.08,353.65,125.43
2025-11-19 09:48:29.424520436,CUST1141,West,Snacks,Chips,10,30.9,0.0,308.95,221.86,87.09
2025-11-19 17:05:39.282735612,CUST1074,North,Household,Floor Cleaner,6,316.7,0.0,1900.18,1251.95,648.24
2025-11-20 00:22:49.140950792,CUST1164,Central,Snacks,Biscuits,1,104.38,0.1,93.94,60.75,33.18
2025-11-20 07:39:58.999165972,CUST1066,East,Personal Care,Face Wash,13,267.93,0.1,3134.82,2095.4,1039.42
2025-11-20 14:57:08.857381152,CUST1110,North,Personal Care,Toothpaste,13,89.03,0.0,1157.36,824.78,332.58
2025-11-20 22:14:18.715596332,CUST1103,Central,Beverages,Coffee,3,86.06,0.0,258.18,203.16,55.02
2025-11-21 05:31:28.573811508,CUST1097,East,Personal Care,Shampoo,8,52.38,0.0,419.05,308.29,110.77
2025-11-21 12:48:38.432026688,CUST1075,Central,Grocery,Sugar,11,171.98,0.0,1891.73,1392.25,499.48
2025-11-21 20:05:48.290241868,CUST1078,East,Household,Dishwash,4,258.4,0.0,1033.61,781.07,252.53
2025-11-22 03:22:58.148457048,CUST1007,North,Personal Care,Detergent Bar,1,285.31,0.05,271.04,209.11,61.94
2025-11-22 10:40:08.006672228,CUST1118,West,Grocery,Rice,13,309.13,0.05,3817.75,3035.86,781.89
2025-11-22 17:57:17.864887408,CUST1064,West,Grocery,Cooking Oil,2,346.51,0.1,623.71,422.01,201.7
2025-11-23 01:14:27.723102584,CUST1117,Central,Beverages,Soft Drink,12,34.24,0.0,410.93,342.4,68.52
2025-11-23 08:31:37.581317764,CUST1107,West,Household,Laundry Detergent,11,65.8,0.1,651.44,435.31,216.13
2025-11-23 15:48:47.439532944,CUST1153,Central,Snacks,Biscuits,8,71.95,0.0,575.62,422.08,153.55
2025-11-23 23:05:57.297748124,CUST1179,East,Personal Care,Face Wash,1,155.81,0.1,140.23,91.42,48.81
2025-11-24 06:23:07.155963304,CUST1065,West,Grocery,Cooking Oil,3,437.15,0.05,1245.88,853.41,392.47
2025-11-24 13:40:17.014178484,CUST1006,East,Household,Dishwash,11,67.47,0.0,742.18,477.35,264.83
2025-11-24 20:57:26.872393660,CUST1144,Central,Snacks,Cookies,3,39.23,0.0,117.7,83.93,33.77
2025-11-25 04:14:36.730608840,CUST1123,South,Personal Care,Shampoo,3,147.54,0.0,442.62,321.46,121.17
2025-11-25 11:31:46.588824020,CUST1016,South,Household,Floor Cleaner,1,86.11,0.0,86.11,65.91,20.2
2025-11-25 18:48:56.447039200,CUST1080,East,Grocery,Pulses,2,250.22,0.05,475.42,369.98,105.44
2025-11-26 02:06:06.305254380,CUST1068,South,Snacks,Chocolate,8,69.62,0.0,556.96,367.4,189.56
2025-11-26 09:23:16.163469560,CUST1172,South,Beverages,Soft Drink,1,36.2,0.1,32.58,26.84,5.74
2025-11-26 16:40:26.021684736,CUST1057,North,Beverages,Mineral Water,17,71.7,0.0,1218.83,886.14,332.69
2025-11-26 23:57:35.879899916,CUST1139,East,Grocery,Wheat Flour,4,243.33,0.0,973.33,788.73,184.61
2025-11-27 07:14:45.738115096,CUST1123,West,Snacks,Chips,7,122.09,0.0,854.65,634.59,220.06
2025-11-27 14:31:55.596330276,CUST1046,East,Beverages,Coffee,4,89.58,0.0,358.33,295.12,63.22
2025-11-27 21:49:05.454545456,CUST1165,Central,Grocery,Rice,10,116.24,0.0,1162.45,741.4,421.05
2025-11-28 05:06:15.312760636,CUST1178,West,Snacks,Chips,2,95.05,0.0,190.09,123.96,66.14
2025-11-28 12:23:25.170975812,CUST1040,Central,Household,Floor Cleaner,1,287.18,0.0,287.18,183.52,103.66
2025-11-28 19:40:35.029190992,CUST1152,South,Personal Care,Face Wash,12,142.46,0.05,1624.08,1256.02,368.06
2025-11-29 02:57:44.887406172,CUST1119,West,Grocery,Rice,6,361.79,0.1,1953.67,1638.37,315.3
2025-11-29 10:14:54.745621352,CUST1053,East,Grocery,Cooking Oil,9,406.81,0.0,3661.32,2588.95,1072.38
2025-11-29 17:32:04.603836532,CUST1018,West,Snacks,Chocolate,6,42.67,0.0,256.04,186.25,69.79
2025-11-30 00:49:14.462051712,CUST1042,East,Grocery,Pulses,5,116.8,0.05,554.8,425.97,128.83
2025-11-30 08:06:24.320266888,CUST1168,Central,Household,Laundry Detergent,3,57.66,0.05,164.32,131.92,32.4
2025-11-30 15:23:34.178482068,CUST1010,East,Grocery,Sugar,6,157.15,0.0,942.9,648.84,294.06
2025-11-30 22:40:44.036697248,CUST1107,Central,Personal Care,Face Wash,5,120.45,0.0,602.23,460.1,142.14
2025-12-01 05:57:53.894912428,CUST1017,North,Grocery,Rice,4,209.31,0.05,795.38,518.97,276.41
2025-12-01 13:15:03.753127608,CUST1146,North,Grocery,Wheat Flour,7,320.18,0.0,2241.25,1524.19,717.05
2025-12-01 20:32:13.611342784,CUST1173,West,Grocery,Sugar,16,224.89,0.05,3418.29,2557.17,861.12
2025-12-02 03:49:23.469557964,CUST1114,Central,Grocery,Rice,6,369.92,0.0,2219.49,1496.43,723.06
2025-12-02 11:06:33.327773144,CUST1144,North,Snacks,Cookies,7,147.44,0.05,980.49,772.57,207.92
2025-12-02 18:23:43.185988324,CUST1116,North,Household,Laundry Detergent,11,56.87,0.15,531.74,369.97,161.77
2025-12-03 01:40:53.044203504,CUST1180,West,Household,Laundry Detergent,4,158.29,0.05,601.51,501.92,99.58
2025-12-03 08:58:02.902418684,CUST1115,South,Beverages,Coffee,6,143.15,0.05,815.93,666.66,149.28
2025-12-03 16:15:12.760633860,CUST1077,East,Beverages,Tea,4,110.3,0.0,441.19,337.57,103.62
2025-12-03 23:32:22.618849040,CUST1059,East,Grocery,Sugar,2,69.75,0.0,139.5,114.43,25.07
2025-12-04 06:49:32.477064220,CUST1102,Central,Snacks,Chips,6,94.58,0.0,567.5,438.1,129.4
2025-12-04 14:06:42.335279400,CUST1121,East,Grocery,Sugar,6,280.06,0.0,1680.36,1196.72,483.64
2025-12-04 21:23:52.193494580,CUST1073,East,Household,Floor Cleaner,2,179.63,0.05,341.3,274.17,67.13
2025-12-05 04:41:02.051709760,CUST1022,Central,Beverages,Mineral Water,1,129.22,0.0,129.22,85.79,43.43
2025-12-05 11:58:11.909924936,CUST1105,North,Snacks,Cookies,4,86.86,0.1,312.7,260.21,52.5
2025-12-05 19:15:21.768140116,CUST1084,North,Grocery,Pulses,12,182.43,0.0,2189.2,1514.3,674.9
2025-12-06 02:32:31.626355296,CUST1112,West,Personal Care,Toothpaste,3,178.42,0.0,535.27,381.34,153.93
2025-12-06 09:49:41.484570476,CUST1131,West,Snacks,Namkeen,3,136.35,0.0,409.06,280.93,128.13
2025-12-06 17:06:51.342785656,CUST1074,Central,Grocery,Pulses,10,164.11,0.0,1641.11,1288.18,352.93
2025-12-07 00:24:01.201000836,CUST1015,Central,Beverages,Coffee,1,95.18,0.0,95.18,68.62,26.56
2025-12-07 07:41:11.059216012,CUST1134,South,Snacks,Biscuits,1,68.1,0.0,68.1,55.5,12.59
2025-12-07 14:58:20.917431192,CUST1152,South,Grocery,Rice,6,300.9,0.05,1715.15,1392.75,322.39
2025-12-07 22:15:30.775646372,CUST1066,East,Grocery,Cooking Oil,10,313.8,0.05,2981.06,2436.81,544.25
2025-12-08 05:32:40.633861552,CUST1015,Central,Household,Dishwash,3,251.89,0.1,680.09,561.14,118.95
2025-12-08 12:49:50.492076732,CUST1109,West,Snacks,Cookies,4,65.13,0.0,260.53,217.1,43.43
2025-12-08 20:07:00.350291912,CUST1173,Central,Snacks,Namkeen,4,112.09,0.05,425.95,285.98,139.97
2025-12-09 03:24:10.208507088,CUST1156,North,Grocery,Rice,7,185.69,0.0,1299.81,1079.58,220.23
2025-12-09 10:41:20.066722268,CUST1039,North,Household,Laundry Detergent,5,173.21,0.1,779.46,651.48,127.98
2025-12-09 17:58:29.924937448,CUST1143,West,Snacks,Chips,2,142.08,0.0,284.16,226.58,57.58
2025-12-10 01:15:39.783152628,CUST1058,North,Household,Tissue,8,203.96,0.0,1631.71,1331.35,300.36
2025-12-10 08:32:49.641367808,CUST1007,East,Snacks,Chocolate,6,127.68,0.05,727.79,484.76,243.03
2025-12-10 15:49:59.499582988,CUST1064,East,Beverages,Tea,5,90.46,0.0,452.32,299.05,153.27
2025-12-10 23:07:09.357798164,CUST1001,East,Personal Care,Soap,15,255.32,0.0,3829.78,2689.72,1140.06
2025-12-11 06:24:19.216013344,CUST1173,East,Grocery,Rice,7,245.51,0.0,1718.54,1245.38,473.16
2025-12-11 13:41:29.074228524,CUST1074,Central,Grocery,Wheat Flour,7,271.15,0.1,1708.24,1327.42,380.82
2025-12-11 20:58:38.932443704,CUST1091,South,Grocery,Pulses,9,278.77,0.0,2508.95,1639.67,869.28
2025-12-12 04:15:48.790658884,CUST1088,South,Grocery,Rice,6,227.88,0.15,1162.19,927.07,235.12
2025-12-12 11:32:58.648874064,CUST1163,Central,Grocery,Wheat Flour,6,386.57,0.0,2319.41,1846.75,472.66
2025-12-12 18:50:08.507089240,CUST1120,Central,Snacks,Chocolate,10,120.05,0.1,1080.43,837.81,242.63
2025-12-13 02:07:18.365304420,CUST1042,North,Snacks,Chips,7,59.6,0.05,396.31,271.71,124.6
2025-12-13 09:24:28.223519600,CUST1052,West,Household,Dishwash,1,201.22,0.0,201.22,165.78,35.44
2025-12-13 16:41:38.081734780,CUST1080,West,Snacks,Biscuits,13,88.84,0.05,1097.21,874.86,222.36
2025-12-13 23:58:47.939949960,CUST1174,South,Grocery,Pulses,8,340.98,0.0,2727.87,2094.54,633.33
2025-12-14 07:15:57.798165136,CUST1030,North,Beverages,Mineral Water,1,99.85,0.0,99.85,69.54,30.31
2025-12-14 14:33:07.656380316,CUST1103,East,Beverages,Soft Drink,18,90.79,0.0,1634.17,1334.61,299.56
2025-12-14 21:50:17.514595496,CUST1125,South,Household,Dishwash,3,108.51,0.0,325.53,254.84,70.68
2025-12-15 05:07:27.372810676,CUST1045,South,Grocery,Pulses,7,54.65,0.0,382.57,295.4,87.17
2025-12-15 12:24:37.231025856,CUST1057,North,Personal Care,Face Wash,10,38.61,0.0,386.05,273.77,112.28
2025-12-15 19:41:47.089241036,CUST1144,South,Grocery,Pulses,9,129.81,0.0,1168.25,813.24,355.01
2025-12-16 02:58:56.947456212,CUST1011,North,Household,Dishwash,4,329.74,0.05,1252.99,1034.36,218.63
2025-12-16 10:16:06.805671392,CUST1077,West,Grocery,Cooking Oil,2,233.26,0.1,419.87,279.59,140.28
2025-12-16 17:33:16.663886572,CUST1162,North,Beverages,Mineral Water,4,136.38,0.05,518.26,394.07,124.18
2025-12-17 00:50:26.522101752,CUST1136,East,Grocery,Pulses,8,154.05,0.05,1170.81,920.25,250.56
2025-12-17 08:07:36.380316932,CUST1152,Central,Beverages,Tea,4,177.47,0.0,709.87,502.86,207.01
2025-12-17 15:24:46.238532112,CUST1166,West,Household,Floor Cleaner,4,105.15,0.1,378.55,279.04,99.52
2025-12-17 22:41:56.096747288,CUST1014,South,Beverages,Tea,12,99.7,0.05,1136.6,793.44,343.15
2025-12-18 05:59:05.954962468,CUST1104,East,Household,Floor Cleaner,6,85.03,0.0,510.16,337.24,172.92
2025-12-18 13:16:15.813177648,CUST1106,East,Beverages,Tea,11,144.03,0.0,1584.33,1229.31,355.03
2025-12-18 20:33:25.671392828,CUST1061,South,Personal Care,Detergent Bar,3,117.94,0.05,336.13,218.82,117.32
2025-12-19 03:50:35.529608008,CUST1128,Central,Snacks,Biscuits,1,134.31,0.05,127.59,96.02,31.57
2025-12-19 11:07:45.387823188,CUST1013,Central,Grocery,Wheat Flour,2,47.21,0.05,89.7,65.34,24.37
2025-12-19 18:24:55.246038364,CUST1137,North,Grocery,Rice,2,325.97,0.0,651.95,545.38,106.57
2025-12-20 01:42:05.104253544,CUST1114,Central,Household,Tissue,2,199.56,0.1,359.21,231.29,127.92
2025-12-20 08:59:14.962468724,CUST1151,East,Grocery,Wheat Flour,6,87.9,0.05,501.04,413.46,87.58
2025-12-20 16:16:24.820683904,CUST1050,South,Grocery,Cooking Oil,5,118.22,0.0,591.12,416.3,174.82
2025-12-20 23:33:34.678899084,CUST1125,Central,Snacks,Biscuits,7,90.68,0.0,634.77,450.62,184.14
2025-12-21 06:50:44.537114264,CUST1180,North,Snacks,Cookies,3,147.71,0.05,420.98,286.41,134.56
2025-12-21 14:07:54.395329440,CUST1096,South,Snacks,Chips,5,145.34,0.0,726.71,578.5,148.21
2025-12-21 21:25:04.253544620,CUST1051,North,Grocery,Wheat Flour,6,215.25,0.0,1291.48,1082.4,209.08
2025-12-22 04:42:14.111759800,CUST1145,North,Grocery,Rice,10,163.57,0.0,1635.73,1113.07,522.66
2025-12-22 11:59:23.969974980,CUST1028,North,Grocery,Sugar,9,228.08,0.1,1847.44,1337.28,510.16
2025-12-22 19:16:33.828190160,CUST1002,North,Personal Care,Detergent Bar,4,291.78,0.0,1167.11,757.79,409.31
2025-12-23 02:33:43.686405340,CUST1135,South,Household,Garbage Bags,2,113.21,0.1,203.77,139.34,64.44
2025-12-23 09:50:53.544620516,CUST1086,West,Personal Care,Soap,5,95.9,0.05,455.51,295.54,159.96
2025-12-23 17:08:03.402835696,CUST1016,Central,Grocery,Sugar,1,221.75,0.0,221.75,137.55,84.2
2025-12-24 00:25:13.261050876,CUST1007,West,Grocery,Cooking Oil,5,237.71,0.0,1188.54,912.03,276.51
2025-12-24 07:42:23.119266056,CUST1016,Central,Personal Care,Toothpaste,6,100.29,0.05,571.64,466.57,105.07
2025-12-24 14:59:32.977481236,CUST1078,North,Grocery,Sugar,6,382.57,0.1,2065.88,1509.93,555.95
2025-12-24 22:16:42.835696416,CUST1021,South,Household,Dishwash,8,174.41,0.0,1395.26,993.95,401.3
2025-12-25 05:33:52.693911592,CUST1004,West,Beverages,Soft Drink,1,152.47,0.05,144.85,100.77,44.07
2025-12-25 12:51:02.552126772,CUST1144,West,Beverages,Coffee,4,167.68,0.05,637.2,405.64,231.55
2025-12-25 20:08:12.410341952,CUST1034,North,Snacks,Chips,10,28.99,0.05,275.4,172.52,102.88
2025-12-26 03:25:22.268557132,CUST1108,Central,Snacks,Cookies,5,70.98,0.0,354.88,277.49,77.39
2025-12-26 10:42:32.126772312,CUST1066,Central,Grocery,Cooking Oil,4,423.68,0.0,1694.71,1259.99,434.73
2025-12-26 17:59:41.984987488,CUST1081,Central,Snacks,Chips,8,46.14,0.0,369.13,309.93,59.2
2025-12-27 01:16:51.843202668,CUST1095,East,Beverages,Coffee,7,30.96,0.1,195.03,135.18,59.84
2025-12-27 08:34:01.701417848,CUST1149,West,Personal Care,Detergent Bar,5,240.67,0.0,1203.35,854.97,348.38
2025-12-27 15:51:11.559633028,CUST1151,Central,Household,Dishwash,1,111.57,0.05,105.99,83.0,23.0
2025-12-27 23:08:21.417848208,CUST1001,Central,Snacks,Namkeen,12,92.86,0.0,1114.31,739.43,374.88
2025-12-28 06:25:31.276063388,CUST1087,East,Snacks,Namkeen,6,39.98,0.1,215.88,154.83,61.05
2025-12-28 13:42:41.134278564,CUST1098,South,Grocery,Rice,5,331.38,0.0,1656.91,1093.36,563.55
2025-12-28 20:59:50.992493744,CUST1074,North,Grocery,Cooking Oil,5,164.72,0.1,741.26,466.31,274.95
2025-12-29 04:17:00.850708924,CUST1001,West,Personal Care,Soap,11,205.05,0.05,2142.74,1396.06,746.68
2025-12-29 11:34:10.708924104,CUST1001,South,Personal Care,Detergent Bar,5,232.12,0.05,1102.59,740.93,361.66
2025-12-29 18:51:20.567139284,CUST1053,West,Grocery,Sugar,11,368.81,0.0,4056.86,2964.25,1092.61
2025-12-30 02:08:30.425354464,CUST1112,West,Grocery,Wheat Flour,1,57.72,0.0,57.72,40.66,17.06
2025-12-30 09:25:40.283569640,CUST1032,West,Grocery,Cooking Oil,4,180.52,0.05,685.99,499.45,186.54
2025-12-30 16:42:50.141784820,CUST1113,East,Snacks,Namkeen,6,125.57,0.0,753.44,545.81,207.63
2025-12-31 00:00:00.000000000,CUST1058,North,Personal Care,Shampoo,1,64.06,0.0,64.06,45.47,18.59
